Starttime,Stoptime
9/19/2015 0:01,9/19/2015 0:22
9/19/2015 0:06,9/19/2015 0:08
9/19/2015 0:07,9/19/2015 0:10
9/19/2015 0:10,9/19/2015 0:25
9/19/2015 0:23,9/19/2015 0:47
9/19/2015 0:24,9/19/2015 9:28
9/19/2015 0:26,9/19/2015 0:42
9/19/2015 0:26,9/19/2015 0:45
9/19/2015 0:41,9/19/2015 0:55
9/19/2015 0:41,9/19/2015 0:56
9/19/2015 0:42,9/19/2015 0:56
9/19/2015 0:42,9/19/2015 0:54
9/19/2015 0:45,9/19/2015 1:01
9/19/2015 0:55,9/19/2015 1:03
9/19/2015 1:00,9/19/2015 1:04
9/19/2015 1:00,9/19/2015 13:58
9/19/2015 1:03,9/19/2015 1:11
9/19/2015 1:08,9/19/2015 1:43
9/19/2015 1:14,9/19/2015 2:11
9/19/2015 1:16,9/20/2015 14:54
9/19/2015 1:48,9/19/2015 3:11
9/19/2015 1:50,9/19/2015 3:11
9/19/2015 1:50,9/19/2015 3:10
9/19/2015 2:06,9/19/2015 3:26
9/19/2015 2:06,9/19/2015 2:38
9/19/2015 2:10,9/19/2015 3:28
9/19/2015 2:15,9/19/2015 2:20
9/19/2015 2:20,9/19/2015 2:46
9/19/2015 2:20,9/19/2015 2:50
9/19/2015 3:04,9/19/2015 3:23
9/19/2015 3:05,9/19/2015 3:28
9/19/2015 3:47,9/19/2015 3:56
9/19/2015 3:51,9/19/2015 4:06
9/19/2015 5:45,9/19/2015 5:52
9/19/2015 5:53,9/19/2015 6:45
9/19/2015 5:57,9/19/2015 6:41
9/19/2015 6:04,9/19/2015 6:11
9/19/2015 6:11,9/19/2015 6:40
9/19/2015 6:19,9/19/2015 6:37
9/19/2015 7:21,9/19/2015 7:48
9/19/2015 7:26,9/19/2015 7:32
9/19/2015 7:32,9/19/2015 7:48
9/19/2015 7:37,9/19/2015 7:46
9/19/2015 7:40,9/19/2015 7:56
9/19/2015 8:08,9/19/2015 8:22
9/19/2015 8:12,9/19/2015 9:07
9/19/2015 8:21,9/19/2015 8:27
9/19/2015 8:22,9/19/2015 8:28
9/19/2015 8:34,9/19/2015 9:06
9/19/2015 8:35,9/19/2015 9:06
9/19/2015 8:38,9/19/2015 8:55
9/19/2015 8:41,9/19/2015 9:04
9/19/2015 8:41,9/19/2015 9:57
9/19/2015 8:42,9/19/2015 9:05
9/19/2015 8:43,9/19/2015 9:34
9/19/2015 8:45,9/19/2015 10:16
9/19/2015 8:45,9/19/2015 10:15
9/19/2015 8:47,9/19/2015 9:11
9/19/2015 8:52,9/19/2015 13:33
9/19/2015 9:00,9/19/2015 13:32
9/19/2015 9:04,9/19/2015 9:13
9/19/2015 9:07,9/19/2015 9:43
9/19/2015 9:11,9/19/2015 9:19
9/19/2015 9:13,9/19/2015 12:00
9/19/2015 9:13,9/19/2015 12:00
9/19/2015 9:21,9/19/2015 9:33
9/19/2015 9:25,9/19/2015 13:31
9/19/2015 9:26,9/19/2015 9:48
9/19/2015 9:37,9/19/2015 9:39
9/19/2015 9:40,9/19/2015 15:11
9/19/2015 9:41,9/19/2015 10:11
9/19/2015 9:45,9/19/2015 10:22
9/19/2015 9:46,9/19/2015 10:21
9/19/2015 9:50,9/19/2015 11:05
9/19/2015 9:54,9/19/2015 11:05
9/19/2015 9:57,9/19/2015 11:06
9/19/2015 9:57,9/19/2015 10:31
9/19/2015 9:58,9/19/2015 10:31
9/19/2015 10:03,9/19/2015 10:37
9/19/2015 10:03,9/19/2015 10:38
9/19/2015 10:07,9/19/2015 10:34
9/19/2015 10:07,9/19/2015 10:34
9/19/2015 10:12,9/19/2015 12:07
9/19/2015 10:14,9/19/2015 12:21
9/19/2015 10:14,9/19/2015 10:45
9/19/2015 10:15,9/19/2015 11:06
9/19/2015 10:16,9/19/2015 13:32
9/19/2015 10:18,9/19/2015 12:06
9/19/2015 10:19,9/19/2015 12:07
9/19/2015 10:25,9/19/2015 11:08
9/19/2015 10:29,9/19/2015 10:40
9/19/2015 10:29,9/19/2015 10:40
9/19/2015 10:32,9/19/2015 11:06
9/19/2015 10:32,9/19/2015 10:39
9/19/2015 10:34,9/19/2015 12:37
9/19/2015 10:35,9/19/2015 11:51
9/19/2015 10:37,9/19/2015 10:53
9/19/2015 10:38,9/19/2015 10:53
9/19/2015 10:39,9/19/2015 14:30
9/19/2015 10:41,9/19/2015 11:02
9/19/2015 10:41,9/19/2015 14:30
9/19/2015 10:44,9/19/2015 10:54
9/19/2015 10:54,9/19/2015 10:56
9/19/2015 10:54,9/19/2015 10:59
9/19/2015 10:55,9/19/2015 12:08
9/19/2015 10:57,9/19/2015 12:10
9/19/2015 10:59,9/19/2015 11:11
9/19/2015 11:03,9/19/2015 11:11
9/19/2015 11:03,9/19/2015 11:12
9/19/2015 11:04,9/19/2015 12:28
9/19/2015 11:04,9/19/2015 13:13
9/19/2015 11:05,9/19/2015 14:26
9/19/2015 11:06,9/19/2015 14:27
9/19/2015 11:06,9/19/2015 11:36
9/19/2015 11:07,9/19/2015 12:27
9/19/2015 11:07,9/19/2015 12:27
9/19/2015 11:08,9/19/2015 14:26
9/19/2015 11:08,9/19/2015 14:27
9/19/2015 11:14,9/19/2015 12:21
9/19/2015 11:14,9/19/2015 13:02
9/19/2015 11:15,9/19/2015 11:30
9/19/2015 11:15,9/19/2015 11:29
9/19/2015 11:15,9/19/2015 11:34
9/19/2015 11:16,9/19/2015 11:28
9/19/2015 11:17,9/19/2015 11:36
9/19/2015 11:18,9/19/2015 16:53
9/19/2015 11:18,9/19/2015 16:52
9/19/2015 11:18,9/19/2015 16:51
9/19/2015 11:19,9/19/2015 12:25
9/19/2015 11:20,9/19/2015 11:25
9/19/2015 11:22,9/19/2015 12:24
9/19/2015 11:24,9/19/2015 14:25
9/19/2015 11:24,9/19/2015 14:25
9/19/2015 11:26,9/19/2015 12:10
9/19/2015 11:27,9/19/2015 13:07
9/19/2015 11:29,9/19/2015 12:01
9/19/2015 11:29,9/19/2015 13:27
9/19/2015 11:30,9/19/2015 12:30
9/19/2015 11:30,9/19/2015 11:49
9/19/2015 11:30,9/19/2015 12:12
9/19/2015 11:30,9/19/2015 12:12
9/19/2015 11:30,9/19/2015 13:26
9/19/2015 11:36,9/19/2015 12:49
9/19/2015 11:39,9/19/2015 11:43
9/19/2015 11:42,9/19/2015 16:25
9/19/2015 11:43,9/19/2015 12:45
9/19/2015 11:43,9/19/2015 12:43
9/19/2015 11:44,9/19/2015 12:16
9/19/2015 11:48,9/19/2015 12:40
9/19/2015 11:48,9/19/2015 13:18
9/19/2015 11:49,9/19/2015 12:05
9/19/2015 11:49,9/19/2015 12:05
9/19/2015 11:49,9/19/2015 12:05
9/19/2015 11:50,9/19/2015 12:05
9/19/2015 11:50,9/19/2015 12:05
9/19/2015 11:50,9/19/2015 14:03
9/19/2015 11:51,9/19/2015 12:09
9/19/2015 11:51,9/19/2015 16:18
9/19/2015 11:52,9/19/2015 12:09
9/19/2015 11:52,9/19/2015 13:19
9/19/2015 11:54,9/19/2015 11:58
9/19/2015 11:54,9/19/2015 12:04
9/19/2015 11:54,9/19/2015 11:57
9/19/2015 11:55,9/19/2015 13:49
9/19/2015 11:55,9/19/2015 13:49
9/19/2015 11:56,9/19/2015 12:13
9/19/2015 12:00,9/19/2015 12:49
9/19/2015 12:02,9/19/2015 12:21
9/19/2015 12:03,9/19/2015 12:06
9/19/2015 12:04,9/19/2015 15:08
9/19/2015 12:06,9/19/2015 13:15
9/19/2015 12:07,9/19/2015 12:10
9/19/2015 12:07,9/19/2015 15:09
9/19/2015 12:07,9/19/2015 12:10
9/19/2015 12:07,9/19/2015 12:10
9/19/2015 12:08,9/19/2015 12:27
9/19/2015 12:10,9/19/2015 12:18
9/19/2015 12:10,9/19/2015 14:50
9/19/2015 12:11,9/19/2015 12:37
9/19/2015 12:13,9/19/2015 18:11
9/19/2015 12:13,9/19/2015 13:16
9/19/2015 12:14,9/19/2015 16:16
9/19/2015 12:15,9/19/2015 18:09
9/19/2015 12:15,9/19/2015 13:14
9/19/2015 12:16,9/19/2015 12:30
9/19/2015 12:17,9/19/2015 12:27
9/19/2015 12:17,9/19/2015 12:36
9/19/2015 12:17,9/19/2015 13:00
9/19/2015 12:18,9/19/2015 12:36
9/19/2015 12:18,9/19/2015 12:41
9/19/2015 12:18,9/19/2015 14:25
9/19/2015 12:19,9/19/2015 13:15
9/19/2015 12:19,9/19/2015 13:00
9/19/2015 12:19,9/19/2015 12:40
9/19/2015 12:19,9/19/2015 14:25
9/19/2015 12:20,9/19/2015 14:25
9/19/2015 12:22,9/19/2015 13:00
9/19/2015 12:25,9/19/2015 12:41
9/19/2015 12:27,9/19/2015 12:58
9/19/2015 12:27,9/19/2015 12:57
9/19/2015 12:28,9/19/2015 13:00
9/19/2015 12:29,9/19/2015 12:34
9/19/2015 12:30,9/19/2015 17:06
9/19/2015 12:31,9/19/2015 14:14
9/19/2015 12:33,9/19/2015 18:49
9/19/2015 12:35,9/19/2015 13:31
9/19/2015 12:36,9/19/2015 13:31
9/19/2015 12:36,9/19/2015 13:32
9/19/2015 12:37,9/19/2015 13:31
9/19/2015 12:37,9/19/2015 14:00
9/19/2015 12:37,9/19/2015 14:01
9/19/2015 12:37,9/21/2015 16:39
9/19/2015 12:39,9/19/2015 13:02
9/19/2015 12:39,9/19/2015 13:03
9/19/2015 12:40,9/19/2015 13:39
9/19/2015 12:42,9/19/2015 12:57
9/19/2015 12:45,9/19/2015 12:57
9/19/2015 12:46,9/19/2015 13:04
9/19/2015 12:46,9/19/2015 13:40
9/19/2015 12:47,9/19/2015 12:51
9/19/2015 12:47,9/19/2015 13:40
9/19/2015 12:48,9/19/2015 13:41
9/19/2015 12:53,9/19/2015 13:09
9/19/2015 12:54,9/19/2015 13:07
9/19/2015 12:55,9/19/2015 13:09
9/19/2015 12:57,9/19/2015 13:47
9/19/2015 12:58,9/19/2015 15:05
9/19/2015 12:59,9/19/2015 15:02
9/19/2015 12:59,9/19/2015 13:07
9/19/2015 12:59,9/19/2015 15:06
9/19/2015 13:00,9/19/2015 13:57
9/19/2015 13:00,9/19/2015 13:54
9/19/2015 13:00,9/19/2015 15:05
9/19/2015 13:00,9/19/2015 13:07
9/19/2015 13:01,9/19/2015 15:06
9/19/2015 13:02,9/19/2015 15:06
9/19/2015 13:03,9/19/2015 16:16
9/19/2015 13:06,9/19/2015 13:47
9/19/2015 13:06,9/19/2015 13:13
9/19/2015 13:09,9/19/2015 13:47
9/19/2015 13:11,9/19/2015 14:19
9/19/2015 13:11,9/19/2015 14:23
9/19/2015 13:11,9/19/2015 13:48
9/19/2015 13:13,9/19/2015 13:36
9/19/2015 13:13,9/19/2015 13:23
9/19/2015 13:14,9/19/2015 13:58
9/19/2015 13:14,9/19/2015 13:58
9/19/2015 13:17,9/19/2015 18:19
9/19/2015 13:17,9/19/2015 18:19
9/19/2015 13:20,9/19/2015 13:30
9/19/2015 13:21,9/19/2015 13:46
9/19/2015 13:21,9/19/2015 13:43
9/19/2015 13:21,9/19/2015 13:45
9/19/2015 13:22,9/19/2015 13:45
9/19/2015 13:26,9/19/2015 15:26
9/19/2015 13:27,9/19/2015 13:31
9/19/2015 13:27,9/19/2015 16:49
9/19/2015 13:29,9/19/2015 16:39
9/19/2015 13:29,9/19/2015 16:49
9/19/2015 13:30,9/19/2015 15:26
9/19/2015 13:30,9/19/2015 15:49
9/19/2015 13:31,9/19/2015 14:18
9/19/2015 13:33,9/19/2015 15:05
9/19/2015 13:33,9/19/2015 15:48
9/19/2015 13:34,9/19/2015 15:48
9/19/2015 13:34,9/19/2015 13:56
9/19/2015 13:34,9/19/2015 15:48
9/19/2015 13:34,9/19/2015 13:56
9/19/2015 13:35,9/19/2015 14:10
9/19/2015 13:36,9/19/2015 14:09
9/19/2015 13:38,9/19/2015 14:28
9/19/2015 13:43,9/19/2015 13:59
9/19/2015 13:43,9/19/2015 13:55
9/19/2015 13:44,9/19/2015 14:06
9/19/2015 13:44,9/19/2015 14:13
9/19/2015 13:45,9/19/2015 14:12
9/19/2015 13:46,9/19/2015 16:29
9/19/2015 13:47,9/19/2015 15:23
9/19/2015 13:47,9/19/2015 13:57
9/19/2015 13:48,9/19/2015 15:22
9/19/2015 13:51,9/19/2015 13:56
9/19/2015 13:51,9/19/2015 15:49
9/19/2015 13:52,9/19/2015 14:12
9/19/2015 13:52,9/19/2015 14:14
9/19/2015 13:52,9/19/2015 14:20
9/19/2015 13:52,9/19/2015 14:21
9/19/2015 13:53,9/19/2015 14:16
9/19/2015 13:55,9/19/2015 14:54
9/19/2015 13:55,9/19/2015 15:19
9/19/2015 13:57,9/19/2015 15:15
9/19/2015 13:57,9/19/2015 15:19
9/19/2015 13:57,9/19/2015 14:09
9/19/2015 13:58,9/19/2015 14:08
9/19/2015 13:58,9/19/2015 15:14
9/19/2015 13:58,9/19/2015 15:19
9/19/2015 13:58,9/19/2015 15:54
9/19/2015 13:59,9/19/2015 15:19
9/19/2015 13:59,9/19/2015 15:53
9/19/2015 14:01,9/19/2015 15:13
9/19/2015 14:01,9/19/2015 15:23
9/19/2015 14:02,9/19/2015 14:04
9/19/2015 14:02,9/19/2015 15:15
9/19/2015 14:02,9/19/2015 15:19
9/19/2015 14:02,9/19/2015 14:48
9/19/2015 14:04,9/19/2015 15:19
9/19/2015 14:04,9/19/2015 14:50
9/19/2015 14:10,9/19/2015 15:53
9/19/2015 14:10,9/19/2015 15:29
9/19/2015 14:11,9/19/2015 15:54
9/19/2015 14:11,9/19/2015 14:30
9/19/2015 14:12,9/19/2015 14:30
9/19/2015 14:17,9/19/2015 15:29
9/19/2015 14:18,9/19/2015 14:25
9/19/2015 14:20,9/19/2015 15:12
9/19/2015 14:22,9/19/2015 15:26
9/19/2015 14:22,9/19/2015 15:11
9/19/2015 14:23,9/19/2015 14:37
9/19/2015 14:24,9/19/2015 15:48
9/19/2015 14:24,9/19/2015 15:27
9/19/2015 14:25,9/19/2015 15:48
9/19/2015 14:25,9/19/2015 15:28
9/19/2015 14:27,9/19/2015 15:27
9/19/2015 14:27,9/19/2015 15:47
9/19/2015 14:27,9/19/2015 14:55
9/19/2015 14:27,9/19/2015 15:48
9/19/2015 14:28,9/19/2015 15:09
9/19/2015 14:31,9/19/2015 14:41
9/19/2015 14:32,9/19/2015 15:06
9/19/2015 14:33,9/19/2015 15:06
9/19/2015 14:34,9/19/2015 14:58
9/19/2015 14:36,9/19/2015 14:43
9/19/2015 14:36,9/19/2015 16:43
9/19/2015 14:37,9/19/2015 16:42
9/19/2015 14:38,9/19/2015 16:42
9/19/2015 14:39,9/19/2015 16:41
9/19/2015 14:39,9/19/2015 15:40
9/19/2015 14:47,9/19/2015 15:10
9/19/2015 14:47,9/19/2015 15:10
9/19/2015 14:49,9/19/2015 15:27
9/19/2015 14:49,9/19/2015 15:40
9/19/2015 14:50,9/19/2015 15:28
9/19/2015 14:50,9/19/2015 15:27
9/19/2015 14:50,9/19/2015 15:40
9/19/2015 14:50,9/19/2015 15:28
9/19/2015 14:50,9/19/2015 15:28
9/19/2015 14:53,9/19/2015 16:25
9/19/2015 14:53,9/19/2015 16:22
9/19/2015 14:54,9/19/2015 15:29
9/19/2015 14:54,9/19/2015 16:53
9/19/2015 14:59,9/19/2015 15:47
9/19/2015 15:00,9/19/2015 15:59
9/19/2015 15:02,9/19/2015 16:14
9/19/2015 15:02,9/19/2015 15:41
9/19/2015 15:02,9/19/2015 15:40
9/19/2015 15:02,9/19/2015 17:17
9/19/2015 15:02,9/19/2015 16:13
9/19/2015 15:03,9/19/2015 17:23
9/19/2015 15:03,9/20/2015 11:52
9/19/2015 15:04,9/19/2015 17:23
9/19/2015 15:05,9/19/2015 15:47
9/19/2015 15:05,9/19/2015 17:24
9/19/2015 15:05,9/19/2015 15:45
9/19/2015 15:05,9/19/2015 17:23
9/19/2015 15:07,9/19/2015 15:45
9/19/2015 15:07,9/19/2015 15:29
9/19/2015 15:07,9/19/2015 15:47
9/19/2015 15:08,9/19/2015 18:21
9/19/2015 15:09,9/19/2015 18:19
9/19/2015 15:11,9/19/2015 15:23
9/19/2015 15:12,9/19/2015 15:49
9/19/2015 15:14,9/19/2015 15:29
9/19/2015 15:15,9/19/2015 16:13
9/19/2015 15:18,9/19/2015 15:38
9/19/2015 15:21,9/19/2015 15:32
9/19/2015 15:21,9/19/2015 15:23
9/19/2015 15:23,9/19/2015 15:45
9/19/2015 15:24,9/19/2015 15:34
9/19/2015 15:24,9/19/2015 15:27
9/19/2015 15:24,9/19/2015 15:33
9/19/2015 15:25,9/19/2015 15:31
9/19/2015 15:25,9/19/2015 15:34
9/19/2015 15:28,9/19/2015 15:49
9/19/2015 15:29,9/19/2015 15:32
9/19/2015 15:30,9/19/2015 16:33
9/19/2015 15:32,9/19/2015 15:38
9/19/2015 15:32,9/19/2015 15:49
9/19/2015 15:33,9/19/2015 15:47
9/19/2015 15:34,9/19/2015 15:47
9/19/2015 15:34,9/19/2015 15:44
9/19/2015 15:42,9/19/2015 15:47
9/19/2015 15:42,9/19/2015 15:47
9/19/2015 15:45,9/19/2015 16:24
9/19/2015 15:47,9/19/2015 16:23
9/19/2015 15:50,9/19/2015 17:32
9/19/2015 15:50,9/19/2015 19:21
9/19/2015 15:52,9/19/2015 19:21
9/19/2015 15:54,9/19/2015 19:41
9/19/2015 15:55,9/19/2015 19:41
9/19/2015 15:57,9/19/2015 16:44
9/19/2015 15:58,9/19/2015 17:08
9/19/2015 15:58,9/19/2015 16:24
9/19/2015 15:58,9/19/2015 16:24
9/19/2015 16:00,9/19/2015 16:12
9/19/2015 16:00,9/19/2015 16:13
9/19/2015 16:01,9/19/2015 16:07
9/19/2015 16:05,9/19/2015 16:39
9/19/2015 16:07,9/19/2015 17:20
9/19/2015 16:07,9/19/2015 18:29
9/19/2015 16:07,9/19/2015 18:30
9/19/2015 16:09,9/19/2015 17:20
9/19/2015 16:10,9/19/2015 17:20
9/19/2015 16:10,9/19/2015 18:05
9/19/2015 16:10,9/19/2015 16:12
9/19/2015 16:10,9/19/2015 16:12
9/19/2015 16:10,9/19/2015 16:13
9/19/2015 16:11,9/19/2015 16:21
9/19/2015 16:11,9/19/2015 16:20
9/19/2015 16:13,9/19/2015 17:19
9/19/2015 16:13,9/19/2015 17:19
9/19/2015 16:14,9/19/2015 18:05
9/19/2015 16:14,9/19/2015 16:41
9/19/2015 16:14,9/19/2015 18:05
9/19/2015 16:15,9/20/2015 15:05
9/19/2015 16:15,9/19/2015 18:04
9/19/2015 16:15,9/19/2015 16:29
9/19/2015 16:15,9/19/2015 18:05
9/19/2015 16:16,9/19/2015 16:20
9/19/2015 16:18,9/19/2015 17:16
9/19/2015 16:18,9/19/2015 18:05
9/19/2015 16:19,9/19/2015 16:49
9/19/2015 16:19,9/19/2015 16:24
9/19/2015 16:22,9/19/2015 17:16
9/19/2015 16:26,9/19/2015 16:31
9/19/2015 16:26,9/19/2015 16:36
9/19/2015 16:29,9/19/2015 18:22
9/19/2015 16:35,9/19/2015 18:22
9/19/2015 16:38,9/19/2015 16:53
9/19/2015 16:41,9/19/2015 17:45
9/19/2015 16:42,9/19/2015 17:44
9/19/2015 16:42,9/19/2015 17:24
9/19/2015 16:43,9/19/2015 18:18
9/19/2015 16:44,9/19/2015 18:19
9/19/2015 16:44,9/19/2015 17:21
9/19/2015 16:45,9/19/2015 17:21
9/19/2015 16:45,9/19/2015 18:20
9/19/2015 16:45,9/19/2015 18:19
9/19/2015 16:47,9/19/2015 17:24
9/19/2015 16:48,9/19/2015 17:25
9/19/2015 16:48,9/19/2015 17:24
9/19/2015 16:48,9/19/2015 17:46
9/19/2015 16:49,9/19/2015 17:25
9/19/2015 16:50,9/19/2015 17:56
9/19/2015 16:51,9/19/2015 17:56
9/19/2015 16:51,9/19/2015 16:53
9/19/2015 16:53,9/19/2015 16:59
9/19/2015 16:53,9/19/2015 17:28
9/19/2015 16:54,9/19/2015 17:28
9/19/2015 16:55,9/19/2015 17:29
9/19/2015 16:57,9/19/2015 19:17
9/19/2015 16:57,9/19/2015 19:17
9/19/2015 16:57,9/19/2015 17:21
9/19/2015 16:57,9/19/2015 17:21
9/19/2015 16:58,9/19/2015 19:18
9/19/2015 17:04,9/19/2015 17:12
9/19/2015 17:06,9/19/2015 17:16
9/19/2015 17:08,9/19/2015 17:15
9/19/2015 17:08,9/19/2015 17:33
9/19/2015 17:09,9/19/2015 17:21
9/19/2015 17:10,9/19/2015 17:21
9/19/2015 17:11,9/19/2015 17:21
9/19/2015 17:12,9/19/2015 17:40
9/19/2015 17:14,9/19/2015 17:58
9/19/2015 17:15,9/19/2015 18:06
9/19/2015 17:16,9/19/2015 18:33
9/19/2015 17:17,9/19/2015 18:30
9/19/2015 17:18,9/19/2015 17:44
9/19/2015 17:19,9/19/2015 17:45
9/19/2015 17:25,9/19/2015 17:55
9/19/2015 17:25,9/19/2015 17:29
9/19/2015 17:25,9/19/2015 17:55
9/19/2015 17:25,9/19/2015 17:34
9/19/2015 17:30,9/19/2015 17:33
9/19/2015 17:34,9/19/2015 17:54
9/19/2015 17:35,9/19/2015 17:52
9/19/2015 17:37,9/19/2015 17:39
9/19/2015 17:37,9/19/2015 17:56
9/19/2015 17:40,9/19/2015 18:14
9/19/2015 17:45,9/19/2015 19:21
9/19/2015 17:51,9/19/2015 19:41
9/19/2015 18:05,9/19/2015 18:16
9/19/2015 18:18,9/19/2015 18:33
9/19/2015 18:22,9/19/2015 19:44
9/19/2015 18:23,9/19/2015 19:44
9/19/2015 18:27,9/19/2015 19:21
9/19/2015 18:34,9/19/2015 19:20
9/19/2015 18:35,9/19/2015 19:20
9/19/2015 18:35,9/19/2015 18:52
9/19/2015 18:40,9/19/2015 19:52
9/19/2015 18:43,9/19/2015 19:51
9/19/2015 18:44,9/19/2015 19:52
9/19/2015 18:45,9/19/2015 19:52
9/19/2015 18:46,9/19/2015 19:52
9/19/2015 18:53,9/19/2015 19:52
9/19/2015 18:53,9/19/2015 19:20
9/19/2015 18:53,9/19/2015 19:52
9/19/2015 18:54,9/19/2015 19:51
9/19/2015 18:56,9/19/2015 19:52
9/19/2015 18:57,9/19/2015 19:52
9/19/2015 19:26,9/19/2015 19:30
9/19/2015 19:35,9/19/2015 19:38
9/19/2015 19:47,9/19/2015 19:49
9/19/2015 19:50,9/19/2015 19:55
9/19/2015 20:28,9/19/2015 20:39
9/19/2015 20:41,9/19/2015 20:47
9/19/2015 20:44,9/19/2015 21:05
9/19/2015 21:25,9/19/2015 21:44
9/19/2015 21:39,9/19/2015 21:46
9/19/2015 21:39,9/19/2015 21:46
9/19/2015 21:47,9/19/2015 21:53
9/19/2015 21:54,9/19/2015 21:56
9/19/2015 21:57,9/19/2015 22:05
9/19/2015 22:16,9/19/2015 22:28
9/19/2015 22:44,9/19/2015 22:50
9/19/2015 22:58,9/19/2015 23:03
9/19/2015 23:17,9/19/2015 23:33
9/19/2015 23:24,9/19/2015 23:56
9/19/2015 23:32,9/19/2015 23:38
9/19/2015 23:39,9/20/2015 0:06
9/19/2015 23:58,9/20/2015 21:31
9/19/2015 23:59,9/20/2015 21:31
9/20/2015 0:00,9/20/2015 0:04
9/20/2015 0:03,9/20/2015 0:06
9/20/2015 0:05,9/20/2015 0:18
9/20/2015 0:06,9/20/2015 0:18
9/20/2015 0:44,9/20/2015 0:50
9/20/2015 1:05,9/20/2015 1:10
9/20/2015 1:06,9/20/2015 1:09
9/20/2015 1:07,9/20/2015 1:24
9/20/2015 1:19,9/20/2015 1:35
9/20/2015 2:51,9/20/2015 3:08
9/20/2015 2:55,9/20/2015 3:10
9/20/2015 3:33,9/20/2015 3:43
9/20/2015 3:38,9/20/2015 3:52
9/20/2015 3:39,9/20/2015 3:42
9/20/2015 3:43,9/20/2015 3:48
9/20/2015 4:05,9/20/2015 4:22
9/20/2015 4:06,9/20/2015 4:12
9/20/2015 4:06,9/20/2015 19:25
9/20/2015 4:07,9/20/2015 4:19
9/20/2015 4:07,9/20/2015 4:20
9/20/2015 6:14,9/20/2015 6:58
9/20/2015 6:43,9/20/2015 6:59
9/20/2015 6:59,9/20/2015 7:09
9/20/2015 7:38,9/20/2015 7:58
9/20/2015 7:42,9/20/2015 7:47
9/20/2015 8:12,9/20/2015 8:57
9/20/2015 8:18,9/20/2015 9:41
9/20/2015 8:46,9/20/2015 8:57
9/20/2015 8:47,9/20/2015 8:57
9/20/2015 8:58,9/20/2015 9:04
9/20/2015 9:13,9/20/2015 9:27
9/20/2015 9:14,9/20/2015 10:50
9/20/2015 9:16,9/20/2015 9:38
9/20/2015 9:16,9/20/2015 9:41
9/20/2015 9:18,9/20/2015 10:45
9/20/2015 9:20,9/20/2015 10:46
9/20/2015 9:20,9/20/2015 9:42
9/20/2015 9:31,9/20/2015 9:49
9/20/2015 9:33,9/20/2015 9:58
9/20/2015 9:35,9/20/2015 9:46
9/20/2015 9:35,9/20/2015 9:49
9/20/2015 9:36,9/20/2015 9:54
9/20/2015 9:43,9/20/2015 9:50
9/20/2015 9:44,9/20/2015 11:39
9/20/2015 9:48,9/20/2015 9:56
9/20/2015 9:53,9/20/2015 9:58
9/20/2015 9:53,9/20/2015 10:19
9/20/2015 9:54,9/20/2015 12:03
9/20/2015 9:57,9/20/2015 10:24
9/20/2015 9:57,9/20/2015 10:21
9/20/2015 9:58,9/20/2015 10:21
9/20/2015 10:02,9/20/2015 10:21
9/20/2015 10:03,9/20/2015 10:21
9/20/2015 10:03,9/20/2015 10:21
9/20/2015 10:04,9/20/2015 10:20
9/20/2015 10:10,9/20/2015 11:02
9/20/2015 10:12,9/20/2015 11:38
9/20/2015 10:14,9/20/2015 17:21
9/20/2015 10:15,9/20/2015 10:34
9/20/2015 10:17,9/20/2015 10:22
9/20/2015 10:21,9/20/2015 11:52
9/20/2015 10:21,9/20/2015 11:48
9/20/2015 10:23,9/20/2015 10:33
9/20/2015 10:24,9/20/2015 17:21
9/20/2015 10:25,9/20/2015 10:51
9/20/2015 10:28,9/20/2015 10:49
9/20/2015 10:29,9/20/2015 10:55
9/20/2015 10:37,9/20/2015 10:53
9/20/2015 10:38,9/20/2015 10:53
9/20/2015 10:40,9/20/2015 14:31
9/20/2015 10:40,9/20/2015 10:50
9/20/2015 10:40,9/20/2015 10:50
9/20/2015 10:44,9/20/2015 11:16
9/20/2015 10:44,9/20/2015 11:00
9/20/2015 10:45,9/20/2015 11:58
9/20/2015 10:48,9/20/2015 11:04
9/20/2015 10:49,9/20/2015 11:58
9/20/2015 10:51,9/20/2015 12:00
9/20/2015 10:51,9/20/2015 11:02
9/20/2015 10:57,9/20/2015 11:24
9/20/2015 10:57,9/20/2015 11:27
9/20/2015 10:58,9/20/2015 11:02
9/20/2015 10:58,9/20/2015 11:06
9/20/2015 10:58,9/20/2015 13:56
9/20/2015 11:00,9/20/2015 11:59
9/20/2015 11:00,9/20/2015 14:13
9/20/2015 11:00,9/20/2015 11:45
9/20/2015 11:01,9/20/2015 11:43
9/20/2015 11:03,9/20/2015 11:07
9/20/2015 11:08,9/20/2015 11:20
9/20/2015 11:09,9/20/2015 13:56
9/20/2015 11:09,9/20/2015 12:55
9/20/2015 11:09,9/20/2015 11:23
9/20/2015 11:10,9/20/2015 11:57
9/20/2015 11:11,9/20/2015 13:02
9/20/2015 11:12,9/20/2015 11:23
9/20/2015 11:12,9/20/2015 11:41
9/20/2015 11:12,9/20/2015 11:45
9/20/2015 11:13,9/20/2015 11:37
9/20/2015 11:14,9/20/2015 11:46
9/20/2015 11:15,9/20/2015 11:43
9/20/2015 11:16,9/20/2015 12:16
9/20/2015 11:17,9/20/2015 11:55
9/20/2015 11:20,9/20/2015 11:54
9/20/2015 11:24,9/20/2015 11:43
9/20/2015 11:26,9/20/2015 11:38
9/20/2015 11:26,9/20/2015 11:54
9/20/2015 11:29,9/20/2015 11:37
9/20/2015 11:38,9/20/2015 14:32
9/20/2015 11:38,9/20/2015 12:01
9/20/2015 11:41,9/20/2015 11:51
9/20/2015 11:42,9/20/2015 12:43
9/20/2015 11:45,9/20/2015 12:43
9/20/2015 11:46,9/20/2015 11:54
9/20/2015 11:48,9/20/2015 12:04
9/20/2015 11:51,9/20/2015 12:59
9/20/2015 11:54,9/20/2015 12:10
9/20/2015 11:54,9/20/2015 12:10
9/20/2015 11:54,9/20/2015 12:14
9/20/2015 11:54,9/20/2015 12:06
9/20/2015 11:55,9/20/2015 12:11
9/20/2015 11:55,9/20/2015 12:14
9/20/2015 11:55,9/20/2015 12:40
9/20/2015 11:56,9/20/2015 12:43
9/20/2015 11:59,9/20/2015 12:25
9/20/2015 12:04,9/20/2015 14:01
9/20/2015 12:04,9/20/2015 14:01
9/20/2015 12:15,9/20/2015 13:22
9/20/2015 12:16,9/20/2015 13:21
9/20/2015 12:17,9/20/2015 12:32
9/20/2015 12:17,9/20/2015 12:26
9/20/2015 12:21,9/20/2015 12:45
9/20/2015 12:22,9/20/2015 21:31
9/20/2015 12:25,9/20/2015 21:31
9/20/2015 12:27,9/20/2015 12:51
9/20/2015 12:27,9/20/2015 12:40
9/20/2015 12:28,9/20/2015 13:42
9/20/2015 12:29,9/20/2015 13:16
9/20/2015 12:29,9/20/2015 13:17
9/20/2015 12:31,9/20/2015 12:40
9/20/2015 12:33,9/20/2015 18:45
9/20/2015 12:38,9/20/2015 12:59
9/20/2015 12:40,9/20/2015 12:59
9/20/2015 12:40,9/20/2015 12:51
9/20/2015 12:42,9/20/2015 13:01
9/20/2015 12:43,9/20/2015 12:51
9/20/2015 12:44,9/20/2015 13:01
9/20/2015 12:45,9/20/2015 13:01
9/20/2015 12:45,9/20/2015 15:03
9/20/2015 12:45,9/20/2015 15:03
9/20/2015 12:49,9/20/2015 13:35
9/20/2015 12:50,9/20/2015 13:35
9/20/2015 12:52,9/20/2015 13:44
9/20/2015 12:52,9/20/2015 13:44
9/20/2015 12:52,9/20/2015 13:18
9/20/2015 12:53,9/20/2015 13:59
9/20/2015 12:54,9/20/2015 13:08
9/20/2015 13:00,9/20/2015 13:30
9/20/2015 13:01,9/20/2015 13:20
9/20/2015 13:03,9/20/2015 14:53
9/20/2015 13:07,9/20/2015 13:16
9/20/2015 13:08,9/20/2015 13:19
9/20/2015 13:08,9/20/2015 13:19
9/20/2015 13:13,9/20/2015 14:54
9/20/2015 13:15,9/20/2015 14:51
9/20/2015 13:17,9/20/2015 13:21
9/20/2015 13:17,9/20/2015 14:54
9/20/2015 13:18,9/20/2015 13:31
9/20/2015 13:18,9/20/2015 13:24
9/20/2015 13:18,9/20/2015 14:53
9/20/2015 13:19,9/20/2015 14:55
9/20/2015 13:20,9/20/2015 13:25
9/20/2015 13:24,9/20/2015 14:38
9/20/2015 13:24,9/20/2015 14:39
9/20/2015 13:26,9/20/2015 13:37
9/20/2015 13:32,9/20/2015 14:00
9/20/2015 13:32,9/20/2015 13:56
9/20/2015 13:33,9/20/2015 14:14
9/20/2015 13:36,9/20/2015 14:14
9/20/2015 13:44,9/20/2015 13:47
9/20/2015 13:45,9/20/2015 15:08
9/20/2015 13:46,9/20/2015 14:25
9/20/2015 13:47,9/20/2015 14:27
9/20/2015 13:47,9/20/2015 14:25
9/20/2015 13:49,9/20/2015 14:53
9/20/2015 13:50,9/20/2015 14:55
9/20/2015 13:51,9/20/2015 14:05
9/20/2015 13:51,9/20/2015 14:55
9/20/2015 13:55,9/20/2015 14:07
9/20/2015 13:57,9/20/2015 18:37
9/20/2015 13:57,9/20/2015 14:05
9/20/2015 14:00,9/20/2015 14:53
9/20/2015 14:02,9/20/2015 14:48
9/20/2015 14:03,9/20/2015 14:43
9/20/2015 14:03,9/20/2015 14:32
9/20/2015 14:05,9/20/2015 14:10
9/20/2015 14:07,9/20/2015 16:15
9/20/2015 14:08,9/20/2015 14:38
9/20/2015 14:08,9/20/2015 15:05
9/20/2015 14:08,9/20/2015 14:11
9/20/2015 14:09,9/20/2015 14:42
9/20/2015 14:10,9/20/2015 14:57
9/20/2015 14:11,9/20/2015 14:32
9/20/2015 14:11,9/20/2015 14:25
9/20/2015 14:12,9/20/2015 14:19
9/20/2015 14:13,9/20/2015 14:57
9/20/2015 14:16,9/20/2015 16:10
9/20/2015 14:17,9/20/2015 15:45
9/20/2015 14:19,9/20/2015 16:17
9/20/2015 14:20,9/20/2015 16:16
9/20/2015 14:28,9/20/2015 17:11
9/20/2015 14:29,9/20/2015 17:04
9/20/2015 14:29,9/20/2015 17:05
9/20/2015 14:33,9/20/2015 17:11
9/20/2015 14:36,9/20/2015 15:29
9/20/2015 14:41,9/20/2015 14:51
9/20/2015 14:43,9/20/2015 14:53
9/20/2015 14:44,9/20/2015 14:49
9/20/2015 14:44,9/20/2015 15:28
9/20/2015 14:44,9/20/2015 15:28
9/20/2015 14:45,9/20/2015 16:11
9/20/2015 14:45,9/20/2015 16:11
9/20/2015 14:45,9/20/2015 16:13
9/20/2015 14:46,9/20/2015 15:25
9/20/2015 14:46,9/20/2015 14:50
9/20/2015 14:47,9/20/2015 15:43
9/20/2015 14:49,9/20/2015 14:59
9/20/2015 14:51,9/20/2015 14:58
9/20/2015 14:53,9/20/2015 15:25
9/20/2015 14:59,9/20/2015 15:29
9/20/2015 14:59,9/20/2015 15:16
9/20/2015 14:59,9/20/2015 15:14
9/20/2015 14:59,9/20/2015 15:13
9/20/2015 15:00,9/20/2015 15:49
9/20/2015 15:00,9/20/2015 15:33
9/20/2015 15:01,9/20/2015 15:30
9/20/2015 15:01,9/20/2015 16:31
9/20/2015 15:03,9/20/2015 16:24
9/20/2015 15:04,9/20/2015 16:25
9/20/2015 15:10,9/20/2015 16:40
9/20/2015 15:11,9/20/2015 15:17
9/20/2015 15:12,9/20/2015 16:23
9/20/2015 15:14,9/20/2015 16:40
9/20/2015 15:16,9/20/2015 16:22
9/20/2015 15:20,9/20/2015 16:28
9/20/2015 15:22,9/20/2015 15:26
9/20/2015 15:25,9/20/2015 16:29
9/20/2015 15:25,9/20/2015 15:48
9/20/2015 15:27,9/20/2015 15:35
9/20/2015 15:27,9/20/2015 15:48
9/20/2015 15:30,9/20/2015 15:43
9/20/2015 15:33,9/20/2015 17:29
9/20/2015 15:33,9/20/2015 17:29
9/20/2015 15:33,9/20/2015 15:51
9/20/2015 15:33,9/20/2015 17:27
9/20/2015 15:34,9/20/2015 17:30
9/20/2015 15:41,9/20/2015 16:10
9/20/2015 15:41,9/20/2015 15:55
9/20/2015 15:42,9/20/2015 17:48
9/20/2015 15:45,9/20/2015 15:59
9/20/2015 15:45,9/20/2015 16:05
9/20/2015 15:47,9/20/2015 16:55
9/20/2015 15:48,9/20/2015 16:45
9/20/2015 15:49,9/20/2015 16:46
9/20/2015 15:50,9/20/2015 16:06
9/20/2015 15:50,9/20/2015 16:47
9/20/2015 15:51,9/20/2015 16:18
9/20/2015 15:56,9/20/2015 16:17
9/20/2015 15:57,9/20/2015 16:11
9/20/2015 16:00,9/20/2015 16:08
9/20/2015 16:03,9/20/2015 16:11
9/20/2015 16:03,9/20/2015 16:51
9/20/2015 16:07,9/20/2015 16:18
9/20/2015 16:10,9/20/2015 17:46
9/20/2015 16:11,9/20/2015 16:51
9/20/2015 16:12,9/20/2015 16:40
9/20/2015 16:13,9/20/2015 16:56
9/20/2015 16:14,9/20/2015 16:48
9/20/2015 16:17,9/20/2015 16:42
9/20/2015 16:18,9/20/2015 16:42
9/20/2015 16:19,9/20/2015 16:24
9/20/2015 16:21,9/20/2015 16:33
9/20/2015 16:22,9/20/2015 16:52
9/20/2015 16:22,9/20/2015 17:21
9/20/2015 16:23,9/20/2015 16:53
9/20/2015 16:25,9/20/2015 16:30
9/20/2015 16:25,9/20/2015 17:05
9/20/2015 16:25,9/20/2015 17:20
9/20/2015 16:26,9/20/2015 16:30
9/20/2015 16:26,9/20/2015 17:06
9/20/2015 16:28,9/20/2015 18:45
9/20/2015 16:32,9/20/2015 17:05
9/20/2015 16:34,9/21/2015 2:16
9/20/2015 16:35,9/20/2015 16:55
9/20/2015 16:38,9/20/2015 17:23
9/20/2015 16:39,9/20/2015 16:57
9/20/2015 16:40,9/20/2015 17:23
9/20/2015 16:43,9/20/2015 17:29
9/20/2015 16:44,9/20/2015 17:37
9/20/2015 16:46,9/20/2015 17:01
9/20/2015 16:46,9/20/2015 18:26
9/20/2015 16:49,9/20/2015 16:56
9/20/2015 16:50,9/20/2015 17:04
9/20/2015 16:51,9/20/2015 17:23
9/20/2015 16:53,9/20/2015 17:23
9/20/2015 16:54,9/20/2015 18:45
9/20/2015 17:00,9/20/2015 17:04
9/20/2015 17:05,9/20/2015 17:37
9/20/2015 17:05,9/20/2015 18:07
9/20/2015 17:07,9/20/2015 17:26
9/20/2015 17:08,9/20/2015 17:31
9/20/2015 17:09,9/20/2015 17:30
9/20/2015 17:09,9/20/2015 17:15
9/20/2015 17:10,9/20/2015 17:32
9/20/2015 17:10,9/20/2015 18:13
9/20/2015 17:11,9/20/2015 17:35
9/20/2015 17:13,9/20/2015 17:16
9/20/2015 17:13,9/20/2015 17:25
9/20/2015 17:15,9/20/2015 17:30
9/20/2015 17:18,9/20/2015 17:32
9/20/2015 17:18,9/20/2015 17:24
9/20/2015 17:19,9/20/2015 17:31
9/20/2015 17:20,9/20/2015 17:31
9/20/2015 17:23,9/20/2015 19:05
9/20/2015 17:24,9/20/2015 17:58
9/20/2015 17:24,9/20/2015 18:44
9/20/2015 17:25,9/20/2015 18:46
9/20/2015 17:29,9/20/2015 17:47
9/20/2015 17:29,9/20/2015 17:45
9/20/2015 17:30,9/20/2015 17:37
9/20/2015 17:31,9/20/2015 17:41
9/20/2015 17:32,9/20/2015 19:24
9/20/2015 17:33,9/20/2015 18:29
9/20/2015 17:33,9/20/2015 18:55
9/20/2015 17:34,9/20/2015 18:55
9/20/2015 17:34,9/20/2015 19:24
9/20/2015 17:34,9/20/2015 19:26
9/20/2015 17:34,9/20/2015 19:01
9/20/2015 17:34,9/20/2015 17:51
9/20/2015 17:34,9/20/2015 17:37
9/20/2015 17:35,9/20/2015 18:37
9/20/2015 17:35,9/20/2015 18:36
9/20/2015 17:37,9/20/2015 18:54
9/20/2015 17:39,9/20/2015 17:46
9/20/2015 17:40,9/21/2015 12:55
9/20/2015 17:41,9/20/2015 18:12
9/20/2015 17:42,9/20/2015 18:09
9/20/2015 17:44,9/20/2015 18:28
9/20/2015 17:44,9/20/2015 18:07
9/20/2015 17:44,9/20/2015 18:08
9/20/2015 17:46,9/20/2015 18:07
9/20/2015 17:47,9/20/2015 18:16
9/20/2015 17:50,9/20/2015 18:04
9/20/2015 17:51,9/20/2015 17:59
9/20/2015 17:51,9/20/2015 17:57
9/20/2015 17:51,9/20/2015 18:22
9/20/2015 17:52,9/20/2015 18:09
9/20/2015 18:00,9/20/2015 18:31
9/20/2015 18:02,9/20/2015 18:32
9/20/2015 18:04,9/20/2015 18:16
9/20/2015 18:04,9/20/2015 18:14
9/20/2015 18:09,9/20/2015 18:12
9/20/2015 18:09,9/20/2015 19:31
9/20/2015 18:10,9/20/2015 19:32
9/20/2015 18:16,9/20/2015 18:27
9/20/2015 18:19,9/20/2015 18:39
9/20/2015 18:19,9/20/2015 18:39
9/20/2015 18:24,9/20/2015 19:08
9/20/2015 18:25,9/20/2015 19:08
9/20/2015 18:36,9/20/2015 18:47
9/20/2015 18:43,9/20/2015 19:14
9/20/2015 18:46,9/20/2015 18:49
9/20/2015 18:47,9/20/2015 23:29
9/20/2015 18:47,9/20/2015 18:53
9/20/2015 18:48,9/20/2015 19:38
9/20/2015 18:48,9/20/2015 23:29
9/20/2015 18:48,9/20/2015 18:57
9/20/2015 18:48,9/20/2015 18:57
9/20/2015 18:49,9/20/2015 19:38
9/20/2015 18:50,9/20/2015 19:18
9/20/2015 18:50,9/20/2015 19:18
9/20/2015 18:55,9/20/2015 19:08
9/20/2015 18:55,9/20/2015 19:31
9/20/2015 18:56,9/20/2015 19:00
9/20/2015 18:56,9/20/2015 19:05
9/20/2015 19:02,9/20/2015 20:28
9/20/2015 19:05,9/20/2015 20:25
9/20/2015 19:05,9/20/2015 20:25
9/20/2015 19:09,9/20/2015 19:28
9/20/2015 19:10,9/20/2015 19:27
9/20/2015 19:11,9/20/2015 19:37
9/20/2015 19:11,9/20/2015 19:33
9/20/2015 19:14,9/20/2015 19:33
9/20/2015 19:15,9/20/2015 19:31
9/20/2015 19:21,9/21/2015 2:16
9/20/2015 19:25,9/20/2015 19:39
9/20/2015 19:29,9/20/2015 19:55
9/20/2015 19:30,9/20/2015 20:00
9/20/2015 19:31,9/20/2015 20:00
9/20/2015 19:43,9/20/2015 19:53
9/20/2015 20:04,9/20/2015 20:26
9/20/2015 20:07,9/20/2015 20:50
9/20/2015 20:08,9/20/2015 20:17
9/20/2015 20:09,9/20/2015 20:49
9/20/2015 20:10,9/20/2015 20:33
9/20/2015 20:14,9/20/2015 20:21
9/20/2015 20:16,9/20/2015 20:18
9/20/2015 20:25,9/20/2015 20:36
9/20/2015 20:32,9/20/2015 20:46
9/20/2015 20:33,9/20/2015 20:47
9/20/2015 20:44,9/20/2015 21:07
9/20/2015 20:46,9/20/2015 21:26
9/20/2015 20:48,9/20/2015 21:26
9/20/2015 20:51,9/20/2015 21:05
9/20/2015 20:51,9/22/2015 10:17
9/20/2015 20:55,9/20/2015 22:13
9/20/2015 21:01,9/20/2015 21:05
9/20/2015 21:18,9/20/2015 21:28
9/20/2015 21:28,9/20/2015 21:31
9/20/2015 21:30,9/20/2015 21:35
9/20/2015 21:42,9/20/2015 22:06
9/20/2015 21:42,9/20/2015 22:02
9/20/2015 21:51,9/20/2015 21:58
9/20/2015 22:00,9/20/2015 22:10
9/20/2015 22:01,9/20/2015 22:13
9/20/2015 22:13,9/20/2015 22:19
9/20/2015 22:16,9/20/2015 22:24
9/20/2015 22:30,9/20/2015 23:20
9/20/2015 22:35,9/20/2015 22:38
9/20/2015 22:35,9/20/2015 22:38
9/20/2015 22:36,9/20/2015 22:39
9/20/2015 22:42,9/20/2015 22:59
9/20/2015 22:42,9/20/2015 23:00
9/20/2015 22:43,9/20/2015 22:59
9/20/2015 23:05,9/20/2015 23:29
9/20/2015 23:05,9/20/2015 23:29
9/20/2015 23:34,9/20/2015 23:43
9/21/2015 0:04,9/21/2015 0:12
9/21/2015 0:18,9/21/2015 0:31
9/21/2015 0:42,9/21/2015 0:51
9/21/2015 0:53,9/21/2015 1:17
9/21/2015 2:07,9/21/2015 2:15
9/21/2015 2:24,9/21/2015 3:41
9/21/2015 2:24,9/21/2015 3:41
9/21/2015 4:37,9/21/2015 5:06
9/21/2015 5:34,9/21/2015 5:44
9/21/2015 5:35,9/21/2015 5:44
9/21/2015 5:43,9/21/2015 6:02
9/21/2015 6:22,9/21/2015 6:38
9/21/2015 6:38,9/21/2015 6:53
9/21/2015 6:56,9/21/2015 7:17
9/21/2015 6:56,9/21/2015 7:01
9/21/2015 6:56,9/21/2015 7:03
9/21/2015 7:01,9/21/2015 7:23
9/21/2015 7:06,9/21/2015 7:15
9/21/2015 7:09,9/21/2015 11:03
9/21/2015 7:13,9/21/2015 7:27
9/21/2015 7:14,9/21/2015 7:26
9/21/2015 7:19,9/21/2015 7:28
9/21/2015 7:35,9/21/2015 7:41
9/21/2015 7:39,9/21/2015 7:48
9/21/2015 7:44,9/21/2015 7:53
9/21/2015 7:45,9/21/2015 7:50
9/21/2015 7:46,9/21/2015 7:58
9/21/2015 7:48,9/21/2015 7:54
9/21/2015 7:51,9/21/2015 8:18
9/21/2015 7:51,9/21/2015 8:10
9/21/2015 7:52,9/21/2015 8:08
9/21/2015 7:54,9/21/2015 8:08
9/21/2015 7:56,9/21/2015 8:06
9/21/2015 8:02,9/21/2015 8:14
9/21/2015 8:09,9/21/2015 8:25
9/21/2015 8:15,9/21/2015 8:43
9/21/2015 8:16,9/21/2015 8:33
9/21/2015 8:16,9/21/2015 8:32
9/21/2015 8:16,9/21/2015 8:22
9/21/2015 8:23,9/21/2015 8:29
9/21/2015 8:24,9/21/2015 8:31
9/21/2015 8:27,9/21/2015 8:40
9/21/2015 8:33,9/21/2015 8:45
9/21/2015 8:34,9/21/2015 16:19
9/21/2015 8:38,9/21/2015 8:43
9/21/2015 8:40,9/21/2015 8:53
9/21/2015 8:42,9/21/2015 8:52
9/21/2015 8:48,9/21/2015 8:58
9/21/2015 9:05,9/21/2015 9:18
9/21/2015 9:12,9/21/2015 9:17
9/21/2015 9:15,9/21/2015 9:26
9/21/2015 9:18,9/21/2015 9:31
9/21/2015 9:20,9/21/2015 9:29
9/21/2015 9:21,9/21/2015 9:29
9/21/2015 9:23,9/21/2015 9:41
9/21/2015 9:42,9/21/2015 9:52
9/21/2015 9:42,9/21/2015 9:55
9/21/2015 9:42,9/21/2015 9:49
9/21/2015 9:43,9/21/2015 9:48
9/21/2015 9:50,9/21/2015 9:55
9/21/2015 10:04,9/21/2015 10:22
9/21/2015 10:05,9/21/2015 10:26
9/21/2015 10:06,9/21/2015 10:20
9/21/2015 10:10,9/21/2015 10:16
9/21/2015 10:17,9/21/2015 10:22
9/21/2015 10:22,9/21/2015 10:26
9/21/2015 10:37,9/21/2015 10:56
9/21/2015 10:39,9/21/2015 11:11
9/21/2015 10:48,9/21/2015 11:07
9/21/2015 10:53,9/21/2015 11:03
9/21/2015 10:54,9/21/2015 10:59
9/21/2015 10:57,9/21/2015 11:28
9/21/2015 11:00,9/21/2015 11:11
9/21/2015 11:09,9/21/2015 11:24
9/21/2015 11:13,9/21/2015 11:21
9/21/2015 11:21,9/21/2015 11:57
9/21/2015 11:23,9/21/2015 12:01
9/21/2015 11:23,9/21/2015 11:55
9/21/2015 11:24,9/21/2015 12:09
9/21/2015 11:24,9/21/2015 11:55
9/21/2015 11:24,9/21/2015 11:54
9/21/2015 11:24,9/21/2015 11:31
9/21/2015 11:27,9/21/2015 12:00
9/21/2015 11:28,9/21/2015 11:47
9/21/2015 11:34,9/21/2015 11:51
9/21/2015 11:37,9/21/2015 12:06
9/21/2015 11:37,9/21/2015 12:01
9/21/2015 11:39,9/21/2015 11:50
9/21/2015 11:41,9/21/2015 11:54
9/21/2015 11:41,9/21/2015 11:55
9/21/2015 11:45,9/21/2015 11:54
9/21/2015 11:58,9/21/2015 12:08
9/21/2015 12:02,9/21/2015 12:26
9/21/2015 12:03,9/21/2015 12:22
9/21/2015 12:05,9/21/2015 12:16
9/21/2015 12:12,9/21/2015 17:43
9/21/2015 12:13,9/21/2015 12:25
9/21/2015 12:20,9/21/2015 12:41
9/21/2015 12:34,9/21/2015 13:20
9/21/2015 12:35,9/21/2015 13:09
9/21/2015 12:38,9/21/2015 13:09
9/21/2015 12:42,9/21/2015 13:03
9/21/2015 12:42,9/21/2015 13:33
9/21/2015 12:44,9/21/2015 19:42
9/21/2015 12:46,9/21/2015 13:31
9/21/2015 12:50,9/21/2015 13:30
9/21/2015 12:52,9/21/2015 12:56
9/21/2015 12:52,9/21/2015 14:10
9/21/2015 12:53,9/21/2015 14:01
9/21/2015 12:56,9/21/2015 13:30
9/21/2015 12:56,9/21/2015 13:01
9/21/2015 12:58,9/21/2015 13:23
9/21/2015 12:59,9/21/2015 13:09
9/21/2015 12:59,9/21/2015 13:10
9/21/2015 13:08,9/21/2015 13:13
9/21/2015 13:10,9/21/2015 13:32
9/21/2015 13:11,9/21/2015 13:32
9/21/2015 13:16,9/21/2015 15:34
9/21/2015 13:19,9/21/2015 13:40
9/21/2015 13:22,9/21/2015 13:50
9/21/2015 13:24,9/22/2015 9:26
9/21/2015 13:24,9/21/2015 15:28
9/21/2015 13:25,9/21/2015 13:39
9/21/2015 13:30,9/21/2015 13:41
9/21/2015 13:38,9/21/2015 14:51
9/21/2015 13:38,9/21/2015 14:56
9/21/2015 13:47,9/21/2015 13:59
9/21/2015 13:48,9/22/2015 11:38
9/21/2015 13:50,9/21/2015 14:10
9/21/2015 13:54,9/21/2015 14:02
9/21/2015 14:13,9/21/2015 14:41
9/21/2015 14:15,9/21/2015 14:29
9/21/2015 14:22,9/21/2015 15:51
9/21/2015 14:22,9/21/2015 14:34
9/21/2015 14:25,9/21/2015 15:51
9/21/2015 14:27,9/21/2015 14:58
9/21/2015 14:28,9/21/2015 14:42
9/21/2015 14:28,9/21/2015 14:40
9/21/2015 14:29,9/21/2015 14:41
9/21/2015 14:32,9/21/2015 14:55
9/21/2015 14:34,9/21/2015 14:54
9/21/2015 14:37,9/21/2015 14:51
9/21/2015 14:40,9/21/2015 14:48
9/21/2015 14:42,9/21/2015 14:52
9/21/2015 14:43,9/21/2015 16:22
9/21/2015 14:44,9/21/2015 16:22
9/21/2015 14:47,9/21/2015 14:59
9/21/2015 14:52,9/21/2015 15:14
9/21/2015 14:56,9/21/2015 15:05
9/21/2015 14:57,9/21/2015 15:01
9/21/2015 14:58,9/21/2015 15:01
9/21/2015 15:04,9/21/2015 15:45
9/21/2015 15:05,9/21/2015 15:12
9/21/2015 15:06,9/21/2015 15:15
9/21/2015 15:07,9/21/2015 15:13
9/21/2015 15:09,9/21/2015 15:16
9/21/2015 15:10,9/21/2015 15:19
9/21/2015 15:17,9/21/2015 15:28
9/21/2015 15:18,9/21/2015 15:25
9/21/2015 15:18,9/21/2015 15:31
9/21/2015 15:18,9/21/2015 16:33
9/21/2015 15:19,9/21/2015 15:50
9/21/2015 15:22,9/21/2015 15:50
9/21/2015 15:22,9/21/2015 15:50
9/21/2015 15:23,9/21/2015 17:18
9/21/2015 15:29,9/21/2015 15:43
9/21/2015 15:32,9/21/2015 15:39
9/21/2015 15:33,9/21/2015 15:40
9/21/2015 15:37,9/21/2015 15:57
9/21/2015 15:55,9/21/2015 16:16
9/21/2015 15:58,9/21/2015 16:52
9/21/2015 16:01,9/21/2015 16:36
9/21/2015 16:10,9/21/2015 16:26
9/21/2015 16:10,9/21/2015 16:28
9/21/2015 16:10,9/21/2015 16:36
9/21/2015 16:16,9/21/2015 16:34
9/21/2015 16:18,9/21/2015 16:47
9/21/2015 16:20,9/21/2015 16:32
9/21/2015 16:20,9/21/2015 16:58
9/21/2015 16:20,9/21/2015 16:24
9/21/2015 16:24,9/21/2015 16:34
9/21/2015 16:24,9/21/2015 16:58
9/21/2015 16:24,9/21/2015 16:28
9/21/2015 16:25,9/21/2015 16:47
9/21/2015 16:27,9/21/2015 16:52
9/21/2015 16:27,9/21/2015 16:34
9/21/2015 16:27,9/21/2015 16:54
9/21/2015 16:29,9/21/2015 16:39
9/21/2015 16:32,9/21/2015 16:36
9/21/2015 16:33,9/21/2015 17:02
9/21/2015 16:37,9/21/2015 16:54
9/21/2015 16:38,9/21/2015 16:57
9/21/2015 16:39,9/21/2015 16:46
9/21/2015 16:40,9/21/2015 17:04
9/21/2015 16:42,9/21/2015 17:04
9/21/2015 16:42,9/21/2015 17:17
9/21/2015 16:44,9/21/2015 16:53
9/21/2015 16:45,9/21/2015 16:56
9/21/2015 16:48,9/21/2015 17:21
9/21/2015 16:48,9/21/2015 17:20
9/21/2015 16:49,9/21/2015 16:57
9/21/2015 16:52,9/21/2015 17:43
9/21/2015 16:54,9/21/2015 16:59
9/21/2015 16:55,9/21/2015 17:00
9/21/2015 16:57,9/21/2015 17:02
9/21/2015 16:58,9/21/2015 17:08
9/21/2015 16:58,9/21/2015 17:26
9/21/2015 17:02,9/21/2015 17:09
9/21/2015 17:03,9/21/2015 17:09
9/21/2015 17:03,9/21/2015 17:10
9/21/2015 17:05,9/21/2015 17:17
9/21/2015 17:08,9/21/2015 17:15
9/21/2015 17:08,9/21/2015 17:26
9/21/2015 17:08,9/21/2015 17:26
9/21/2015 17:13,9/21/2015 17:23
9/21/2015 17:13,9/21/2015 17:24
9/21/2015 17:14,9/21/2015 17:24
9/21/2015 17:17,9/21/2015 17:24
9/21/2015 17:18,9/21/2015 17:57
9/21/2015 17:20,9/21/2015 17:34
9/21/2015 17:21,9/21/2015 18:04
9/21/2015 17:22,9/21/2015 18:06
9/21/2015 17:23,9/21/2015 17:47
9/21/2015 17:31,9/21/2015 17:46
9/21/2015 17:33,9/21/2015 18:08
9/21/2015 17:34,9/21/2015 17:43
9/21/2015 17:35,9/21/2015 18:13
9/21/2015 17:36,9/21/2015 18:08
9/21/2015 17:37,9/21/2015 17:55
9/21/2015 17:38,9/21/2015 18:09
9/21/2015 17:38,9/21/2015 18:09
9/21/2015 17:40,9/21/2015 17:48
9/21/2015 17:42,9/21/2015 17:53
9/21/2015 17:43,9/21/2015 18:01
9/21/2015 17:46,9/21/2015 17:53
9/21/2015 17:47,9/21/2015 18:08
9/21/2015 17:50,9/21/2015 17:57
9/21/2015 17:50,9/21/2015 17:58
9/21/2015 17:52,9/21/2015 17:59
9/21/2015 17:54,9/21/2015 18:12
9/21/2015 17:56,9/21/2015 18:04
9/21/2015 17:59,9/21/2015 18:36
9/21/2015 17:59,9/21/2015 18:05
9/21/2015 18:06,9/21/2015 18:17
9/21/2015 18:06,9/21/2015 18:17
9/21/2015 18:06,9/21/2015 19:04
9/21/2015 18:07,9/21/2015 18:51
9/21/2015 18:07,9/21/2015 18:47
9/21/2015 18:08,9/21/2015 18:23
9/21/2015 18:08,9/21/2015 19:01
9/21/2015 18:10,9/21/2015 18:17
9/21/2015 18:13,9/21/2015 18:26
9/21/2015 18:17,9/21/2015 20:24
9/21/2015 18:18,9/21/2015 18:21
9/21/2015 18:21,9/21/2015 18:57
9/21/2015 18:22,9/21/2015 18:29
9/21/2015 18:24,9/21/2015 19:32
9/21/2015 18:33,9/21/2015 18:44
9/21/2015 18:35,9/21/2015 18:50
9/21/2015 18:35,9/21/2015 18:49
9/21/2015 18:40,9/21/2015 19:58
9/21/2015 18:42,9/21/2015 18:56
9/21/2015 18:42,9/21/2015 19:59
9/21/2015 18:45,9/21/2015 18:50
9/21/2015 18:46,9/21/2015 19:06
9/21/2015 18:52,9/21/2015 18:58
9/21/2015 18:55,9/21/2015 19:09
9/21/2015 18:57,9/21/2015 19:12
9/21/2015 18:59,9/21/2015 19:05
9/21/2015 19:00,9/21/2015 19:12
9/21/2015 19:01,9/21/2015 19:05
9/21/2015 19:10,9/21/2015 19:12
9/21/2015 19:11,9/21/2015 19:21
9/21/2015 19:13,9/21/2015 19:17
9/21/2015 19:18,9/21/2015 19:21
9/21/2015 19:19,9/21/2015 19:37
9/21/2015 19:21,9/21/2015 19:23
9/21/2015 19:27,9/22/2015 5:47
9/21/2015 19:28,9/21/2015 21:18
9/21/2015 19:29,9/21/2015 19:35
9/21/2015 19:36,9/21/2015 20:31
9/21/2015 19:36,9/21/2015 20:30
9/21/2015 19:37,9/21/2015 19:46
9/21/2015 19:38,9/21/2015 19:47
9/21/2015 19:39,9/21/2015 19:46
9/21/2015 19:41,9/21/2015 19:51
9/21/2015 19:47,9/21/2015 19:56
9/21/2015 19:49,9/21/2015 19:52
9/21/2015 19:52,9/21/2015 19:57
9/21/2015 20:58,9/21/2015 21:04
9/21/2015 21:14,9/21/2015 21:29
9/21/2015 21:17,9/21/2015 21:24
9/21/2015 21:19,9/21/2015 21:24
9/21/2015 21:35,9/21/2015 21:43
9/21/2015 22:48,9/21/2015 22:51
9/21/2015 22:53,9/21/2015 23:05
9/21/2015 22:53,9/21/2015 23:00
9/21/2015 22:53,9/21/2015 23:00
9/21/2015 22:53,9/22/2015 18:40
9/21/2015 22:54,9/22/2015 18:57
9/21/2015 23:04,9/21/2015 23:10
9/21/2015 23:13,9/21/2015 23:19
9/21/2015 23:15,9/21/2015 23:24
9/21/2015 23:26,9/21/2015 23:33
9/21/2015 23:50,9/21/2015 23:56
9/22/2015 0:22,9/22/2015 0:32
9/22/2015 0:26,9/22/2015 0:45
9/22/2015 0:30,9/22/2015 0:45
9/22/2015 0:30,9/22/2015 0:45
9/22/2015 4:34,9/22/2015 5:03
9/22/2015 5:41,9/22/2015 5:59
9/22/2015 5:45,9/22/2015 5:54
9/22/2015 6:06,9/22/2015 6:19
9/22/2015 6:21,9/22/2015 6:33
9/22/2015 6:23,9/22/2015 6:35
9/22/2015 6:39,9/22/2015 6:44
9/22/2015 6:41,9/22/2015 6:49
9/22/2015 6:54,9/22/2015 7:18
9/22/2015 6:55,9/22/2015 7:09
9/22/2015 7:05,9/22/2015 7:17
9/22/2015 7:07,9/22/2015 7:15
9/22/2015 7:14,9/22/2015 7:24
9/22/2015 7:39,9/22/2015 7:56
9/22/2015 7:44,9/22/2015 7:51
9/22/2015 7:47,9/22/2015 8:06
9/22/2015 7:49,9/22/2015 8:07
9/22/2015 7:51,9/22/2015 8:16
9/22/2015 7:54,9/22/2015 8:05
9/22/2015 7:55,9/22/2015 8:05
9/22/2015 7:57,9/22/2015 8:06
9/22/2015 7:59,9/22/2015 8:04
9/22/2015 8:02,9/22/2015 8:05
9/22/2015 8:09,9/22/2015 8:21
9/22/2015 8:13,9/22/2015 8:32
9/22/2015 8:16,9/22/2015 8:21
9/22/2015 8:16,9/22/2015 8:32
9/22/2015 8:17,9/22/2015 8:26
9/22/2015 8:20,9/22/2015 8:26
9/22/2015 8:29,9/22/2015 8:35
9/22/2015 8:31,9/22/2015 8:52
9/22/2015 8:34,9/22/2015 8:53
9/22/2015 8:36,9/22/2015 8:46
9/22/2015 8:37,9/22/2015 8:58
9/22/2015 8:37,9/22/2015 8:42
9/22/2015 8:38,9/22/2015 8:51
9/22/2015 8:39,9/22/2015 9:31
9/22/2015 8:41,9/22/2015 8:54
9/22/2015 8:46,9/22/2015 8:54
9/22/2015 8:46,9/22/2015 8:59
9/22/2015 8:48,9/22/2015 9:07
9/22/2015 8:49,9/22/2015 8:59
9/22/2015 8:51,9/22/2015 9:14
9/22/2015 8:52,9/22/2015 9:02
9/22/2015 8:54,9/22/2015 9:13
9/22/2015 9:00,9/22/2015 9:10
9/22/2015 9:01,9/22/2015 9:09
9/22/2015 9:07,9/22/2015 9:12
9/22/2015 9:13,9/22/2015 9:32
9/22/2015 9:13,9/22/2015 9:23
9/22/2015 9:14,9/22/2015 9:25
9/22/2015 9:15,9/22/2015 9:19
9/22/2015 9:15,9/22/2015 9:30
9/22/2015 9:27,9/22/2015 9:45
9/22/2015 9:39,9/22/2015 9:48
9/22/2015 9:40,9/22/2015 9:44
9/22/2015 9:41,9/22/2015 9:53
9/22/2015 9:44,9/22/2015 9:49
9/22/2015 9:45,9/22/2015 10:05
9/22/2015 9:47,9/22/2015 13:33
9/22/2015 9:52,9/22/2015 10:11
9/22/2015 10:03,9/22/2015 10:12
9/22/2015 10:22,9/22/2015 10:45
9/22/2015 10:24,9/22/2015 10:27
9/22/2015 10:28,9/22/2015 10:45
9/22/2015 10:29,9/22/2015 10:45
9/22/2015 10:34,9/22/2015 10:44
9/22/2015 10:36,9/22/2015 10:44
9/22/2015 10:42,9/22/2015 10:46
9/22/2015 10:46,9/23/2015 13:46
9/22/2015 10:47,9/22/2015 10:59
9/22/2015 10:47,9/22/2015 11:12
9/22/2015 10:50,9/22/2015 10:55
9/22/2015 11:03,9/22/2015 11:12
9/22/2015 11:05,9/22/2015 11:57
9/22/2015 11:05,9/22/2015 11:56
9/22/2015 11:09,9/22/2015 12:21
9/22/2015 11:19,9/22/2015 11:24
9/22/2015 11:22,9/22/2015 13:13
9/22/2015 11:29,9/22/2015 11:35
9/22/2015 11:29,9/22/2015 11:43
9/22/2015 11:33,9/22/2015 12:25
9/22/2015 11:38,9/22/2015 11:45
9/22/2015 11:39,9/22/2015 11:44
9/22/2015 11:49,9/22/2015 12:00
9/22/2015 11:50,9/22/2015 12:13
9/22/2015 11:56,9/22/2015 12:46
9/22/2015 12:00,9/22/2015 12:04
9/22/2015 12:01,9/22/2015 12:04
9/22/2015 12:03,9/22/2015 12:10
9/22/2015 12:20,9/22/2015 14:26
9/22/2015 12:24,9/22/2015 12:47
9/22/2015 12:32,9/22/2015 12:41
9/22/2015 12:34,9/22/2015 12:42
9/22/2015 12:35,9/22/2015 12:47
9/22/2015 12:35,9/22/2015 17:57
9/22/2015 12:39,9/22/2015 12:42
9/22/2015 12:42,9/22/2015 13:05
9/22/2015 12:46,9/22/2015 13:27
9/22/2015 12:46,9/22/2015 13:27
9/22/2015 12:47,9/22/2015 13:21
9/22/2015 12:47,9/22/2015 13:01
9/22/2015 12:47,9/22/2015 13:21
9/22/2015 12:47,9/22/2015 12:54
9/22/2015 12:50,9/22/2015 12:57
9/22/2015 12:52,9/22/2015 13:05
9/22/2015 12:53,9/22/2015 13:02
9/22/2015 12:53,9/22/2015 13:28
9/22/2015 13:00,9/22/2015 13:03
9/22/2015 13:04,9/22/2015 13:10
9/22/2015 13:05,9/22/2015 13:15
9/22/2015 13:05,9/22/2015 13:17
9/22/2015 13:06,9/22/2015 13:17
9/22/2015 13:10,9/22/2015 13:48
9/22/2015 13:21,9/22/2015 13:42
9/22/2015 13:22,9/22/2015 13:51
9/22/2015 13:33,9/22/2015 13:38
9/22/2015 13:34,9/22/2015 13:55
9/22/2015 13:36,9/22/2015 14:09
9/22/2015 13:44,9/22/2015 13:58
9/22/2015 13:45,9/22/2015 14:14
9/22/2015 13:47,9/22/2015 14:00
9/22/2015 13:52,9/22/2015 14:02
9/22/2015 14:01,9/22/2015 14:25
9/22/2015 14:02,9/22/2015 14:09
9/22/2015 14:02,9/22/2015 14:10
9/22/2015 14:09,9/22/2015 14:19
9/22/2015 14:11,9/22/2015 14:22
9/22/2015 14:14,9/22/2015 14:21
9/22/2015 14:23,9/22/2015 14:36
9/22/2015 14:31,9/22/2015 14:34
9/22/2015 14:32,9/22/2015 14:37
9/22/2015 14:32,9/22/2015 14:38
9/22/2015 14:34,9/22/2015 14:47
9/22/2015 14:35,9/22/2015 14:42
9/22/2015 14:37,9/22/2015 15:21
9/22/2015 14:41,9/22/2015 14:55
9/22/2015 14:41,9/22/2015 15:04
9/22/2015 14:43,9/22/2015 14:46
9/22/2015 14:43,9/22/2015 14:54
9/22/2015 14:56,9/22/2015 15:21
9/22/2015 14:57,9/22/2015 15:30
9/22/2015 14:57,9/22/2015 15:30
9/22/2015 14:57,9/22/2015 15:04
9/22/2015 14:58,9/22/2015 15:21
9/22/2015 15:02,9/22/2015 15:14
9/22/2015 15:04,9/22/2015 15:34
9/22/2015 15:07,9/22/2015 15:50
9/22/2015 15:07,9/22/2015 15:16
9/22/2015 15:08,9/22/2015 15:13
9/22/2015 15:14,9/22/2015 15:31
9/22/2015 15:16,9/22/2015 15:35
9/22/2015 15:18,9/22/2015 15:25
9/22/2015 15:20,9/22/2015 15:33
9/22/2015 15:26,9/22/2015 15:40
9/22/2015 15:36,9/22/2015 15:58
9/22/2015 15:39,9/22/2015 15:50
9/22/2015 15:40,9/22/2015 16:00
9/22/2015 15:58,9/22/2015 16:05
9/22/2015 16:00,9/22/2015 16:12
9/22/2015 16:01,9/22/2015 16:03
9/22/2015 16:04,9/22/2015 16:07
9/22/2015 16:06,9/22/2015 16:14
9/22/2015 16:07,9/22/2015 16:28
9/22/2015 16:07,9/22/2015 17:32
9/22/2015 16:08,9/22/2015 17:32
9/22/2015 16:10,9/22/2015 17:13
9/22/2015 16:11,9/22/2015 16:30
9/22/2015 16:13,9/22/2015 16:32
9/22/2015 16:28,9/22/2015 16:59
9/22/2015 16:30,9/22/2015 16:44
9/22/2015 16:30,9/22/2015 17:03
9/22/2015 16:31,9/22/2015 16:43
9/22/2015 16:40,9/22/2015 17:57
9/22/2015 16:41,9/22/2015 17:03
9/22/2015 16:42,9/22/2015 16:59
9/22/2015 16:49,9/22/2015 16:55
9/22/2015 16:50,9/22/2015 17:09
9/22/2015 16:53,9/22/2015 17:00
9/22/2015 16:55,9/22/2015 17:02
9/22/2015 16:58,9/22/2015 17:09
9/22/2015 16:59,9/22/2015 17:25
9/22/2015 17:04,9/22/2015 17:18
9/22/2015 17:06,9/22/2015 17:15
9/22/2015 17:08,9/22/2015 17:10
9/22/2015 17:12,9/22/2015 17:31
9/22/2015 17:15,9/22/2015 17:35
9/22/2015 17:21,9/22/2015 17:47
9/22/2015 17:22,9/22/2015 17:51
9/22/2015 17:23,9/22/2015 17:31
9/22/2015 17:23,9/22/2015 17:32
9/22/2015 17:24,9/22/2015 17:34
9/22/2015 17:26,9/22/2015 17:53
9/22/2015 17:26,9/22/2015 17:30
9/22/2015 17:27,9/22/2015 17:35
9/22/2015 17:29,9/22/2015 17:38
9/22/2015 17:30,9/22/2015 19:38
9/22/2015 17:31,9/22/2015 19:37
9/22/2015 17:32,9/22/2015 17:59
9/22/2015 17:34,9/22/2015 17:45
9/22/2015 17:35,9/22/2015 17:44
9/22/2015 17:38,9/22/2015 17:43
9/22/2015 17:39,9/22/2015 18:03
9/22/2015 17:39,9/22/2015 17:44
9/22/2015 17:39,9/22/2015 17:53
9/22/2015 17:43,9/22/2015 17:46
9/22/2015 17:45,9/22/2015 17:50
9/22/2015 17:49,9/22/2015 18:03
9/22/2015 17:49,9/22/2015 18:10
9/22/2015 17:50,9/22/2015 18:18
9/22/2015 17:51,9/22/2015 18:24
9/22/2015 17:54,9/22/2015 18:00
9/22/2015 17:56,9/22/2015 17:59
9/22/2015 17:56,9/22/2015 18:03
9/22/2015 17:57,9/22/2015 19:28
9/22/2015 17:59,9/22/2015 18:06
9/22/2015 17:59,9/22/2015 18:17
9/22/2015 18:01,9/22/2015 18:59
9/22/2015 18:01,9/22/2015 18:21
9/22/2015 18:06,9/22/2015 18:20
9/22/2015 18:08,9/22/2015 18:32
9/22/2015 18:09,9/22/2015 18:23
9/22/2015 18:16,9/22/2015 18:32
9/22/2015 18:16,9/22/2015 18:45
9/22/2015 18:17,9/22/2015 18:34
9/22/2015 18:18,9/22/2015 18:20
9/22/2015 18:19,9/22/2015 18:27
9/22/2015 18:19,9/22/2015 18:36
9/22/2015 18:22,9/22/2015 18:55
9/22/2015 18:23,9/22/2015 18:53
9/22/2015 18:23,9/22/2015 19:06
9/22/2015 18:24,9/22/2015 19:38
9/22/2015 18:25,9/22/2015 19:37
9/22/2015 18:26,9/22/2015 18:32
9/22/2015 18:29,9/22/2015 19:14
9/22/2015 18:30,9/22/2015 20:05
9/22/2015 18:32,9/22/2015 18:38
9/22/2015 18:36,9/22/2015 18:41
9/22/2015 18:36,9/22/2015 18:39
9/22/2015 18:38,9/22/2015 18:47
9/22/2015 18:38,9/22/2015 18:47
9/22/2015 18:39,9/22/2015 18:59
9/22/2015 18:40,9/22/2015 19:23
9/22/2015 18:41,9/22/2015 18:59
9/22/2015 18:42,9/22/2015 18:50
9/22/2015 18:42,9/22/2015 19:25
9/22/2015 18:42,9/22/2015 19:39
9/22/2015 18:43,9/22/2015 18:49
9/22/2015 18:47,9/22/2015 19:06
9/22/2015 18:49,9/22/2015 19:19
9/22/2015 18:52,9/22/2015 19:40
9/22/2015 18:52,9/22/2015 21:38
9/22/2015 18:53,9/22/2015 19:06
9/22/2015 18:53,9/22/2015 18:57
9/22/2015 18:54,9/22/2015 19:11
9/22/2015 18:55,9/22/2015 21:38
9/22/2015 19:00,9/22/2015 19:07
9/22/2015 19:02,9/22/2015 19:20
9/22/2015 19:05,9/22/2015 19:46
9/22/2015 19:05,9/22/2015 20:43
9/22/2015 19:06,9/22/2015 19:17
9/22/2015 19:14,9/22/2015 19:23
9/22/2015 19:20,9/22/2015 21:01
9/22/2015 19:21,9/22/2015 19:31
9/22/2015 19:23,9/22/2015 19:34
9/22/2015 19:23,9/22/2015 19:33
9/22/2015 19:24,9/22/2015 19:34
9/22/2015 19:25,9/22/2015 19:32
9/22/2015 19:26,9/22/2015 19:35
9/22/2015 19:30,9/22/2015 19:51
9/22/2015 19:31,9/22/2015 19:45
9/22/2015 19:45,9/22/2015 19:56
9/22/2015 19:50,9/22/2015 20:01
9/22/2015 19:51,9/22/2015 19:56
9/22/2015 19:52,9/22/2015 19:59
9/22/2015 19:53,9/22/2015 20:08
9/22/2015 20:03,9/22/2015 20:09
9/22/2015 20:10,9/22/2015 20:33
9/22/2015 20:14,9/22/2015 20:32
9/22/2015 20:18,9/22/2015 20:22
9/22/2015 20:21,9/22/2015 20:45
9/22/2015 20:22,9/22/2015 20:30
9/22/2015 20:28,9/22/2015 20:39
9/22/2015 20:33,9/22/2015 21:00
9/22/2015 20:33,9/22/2015 21:00
9/22/2015 20:40,9/23/2015 0:23
9/22/2015 20:51,9/22/2015 21:12
9/22/2015 20:52,9/22/2015 22:25
9/22/2015 20:55,9/22/2015 21:01
9/22/2015 20:56,9/22/2015 21:16
9/22/2015 20:57,9/22/2015 21:09
9/22/2015 21:08,9/22/2015 21:55
9/22/2015 21:21,9/22/2015 23:50
9/22/2015 21:29,9/22/2015 22:02
9/22/2015 21:41,9/22/2015 23:28
9/22/2015 22:20,9/22/2015 22:54
9/22/2015 22:21,9/22/2015 22:34
9/22/2015 22:33,9/22/2015 22:36
9/22/2015 22:36,9/22/2015 22:40
9/22/2015 22:54,9/22/2015 22:59
9/23/2015 0:23,9/23/2015 0:29
9/23/2015 0:23,9/23/2015 0:33
9/23/2015 2:06,9/23/2015 2:10
9/23/2015 3:57,9/23/2015 4:11
9/23/2015 5:34,9/23/2015 5:53
9/23/2015 5:41,9/23/2015 6:02
9/23/2015 5:42,9/23/2015 5:50
9/23/2015 6:26,9/23/2015 6:34
9/23/2015 6:27,9/23/2015 6:36
9/23/2015 6:38,9/23/2015 6:58
9/23/2015 6:39,9/23/2015 6:48
9/23/2015 6:47,9/23/2015 7:05
9/23/2015 6:54,9/23/2015 7:09
9/23/2015 6:55,9/23/2015 7:12
9/23/2015 6:57,9/23/2015 7:07
9/23/2015 7:00,9/23/2015 7:27
9/23/2015 7:11,9/23/2015 7:49
9/23/2015 7:22,9/23/2015 7:32
9/23/2015 7:28,9/23/2015 7:49
9/23/2015 7:40,9/23/2015 13:26
9/23/2015 7:41,9/23/2015 7:50
9/23/2015 7:44,9/23/2015 12:51
9/23/2015 7:46,9/23/2015 8:00
9/23/2015 7:49,9/23/2015 12:54
9/23/2015 7:52,9/23/2015 8:15
9/23/2015 7:57,9/23/2015 8:02
9/23/2015 8:01,9/23/2015 8:23
9/23/2015 8:03,9/23/2015 8:08
9/23/2015 8:05,9/23/2015 8:19
9/23/2015 8:06,9/23/2015 8:18
9/23/2015 8:06,9/23/2015 8:12
9/23/2015 8:09,9/23/2015 8:20
9/23/2015 8:14,9/23/2015 8:40
9/23/2015 8:17,9/23/2015 8:37
9/23/2015 8:20,9/23/2015 8:28
9/23/2015 8:20,9/23/2015 8:25
9/23/2015 8:23,9/23/2015 8:36
9/23/2015 8:26,9/23/2015 8:33
9/23/2015 8:26,9/23/2015 8:34
9/23/2015 8:29,9/23/2015 8:37
9/23/2015 8:31,9/23/2015 8:40
9/23/2015 8:34,9/23/2015 8:45
9/23/2015 8:37,9/23/2015 8:44
9/23/2015 8:38,9/23/2015 9:27
9/23/2015 8:43,9/23/2015 10:59
9/23/2015 8:45,9/23/2015 9:08
9/23/2015 8:51,9/23/2015 8:58
9/23/2015 8:55,9/23/2015 9:03
9/23/2015 8:56,9/23/2015 9:05
9/23/2015 9:05,9/23/2015 9:12
9/23/2015 9:05,9/23/2015 9:24
9/23/2015 9:13,9/23/2015 9:47
9/23/2015 9:14,9/23/2015 13:46
9/23/2015 9:14,9/23/2015 9:23
9/23/2015 9:15,9/23/2015 9:27
9/23/2015 9:15,9/23/2015 9:21
9/23/2015 9:17,9/23/2015 9:45
9/23/2015 9:29,9/23/2015 9:45
9/23/2015 9:31,9/23/2015 9:49
9/23/2015 9:41,9/23/2015 9:47
9/23/2015 9:41,9/23/2015 9:50
9/23/2015 9:46,9/23/2015 9:51
9/23/2015 9:47,9/23/2015 10:10
9/23/2015 9:52,9/23/2015 9:57
9/23/2015 9:53,9/23/2015 10:16
9/23/2015 9:54,9/23/2015 10:06
9/23/2015 10:01,9/23/2015 10:48
9/23/2015 10:07,9/23/2015 12:19
9/23/2015 10:14,9/23/2015 10:23
9/23/2015 10:36,9/23/2015 10:57
9/23/2015 10:40,9/23/2015 11:00
9/23/2015 10:42,9/23/2015 10:45
9/23/2015 10:51,9/23/2015 11:08
9/23/2015 10:54,9/23/2015 11:04
9/23/2015 10:54,9/23/2015 11:04
9/23/2015 10:57,9/23/2015 12:51
9/23/2015 11:09,9/23/2015 12:05
9/23/2015 11:09,9/23/2015 12:05
9/23/2015 11:12,9/23/2015 11:20
9/23/2015 11:15,9/23/2015 11:42
9/23/2015 11:17,9/23/2015 11:47
9/23/2015 11:31,9/23/2015 12:01
9/23/2015 11:32,9/23/2015 12:07
9/23/2015 11:33,9/23/2015 12:04
9/23/2015 11:34,9/23/2015 12:06
9/23/2015 11:36,9/23/2015 12:40
9/23/2015 11:42,9/23/2015 11:51
9/23/2015 11:46,9/23/2015 17:17
9/23/2015 11:47,9/23/2015 12:08
9/23/2015 11:47,9/23/2015 12:02
9/23/2015 11:48,9/23/2015 11:54
9/23/2015 11:48,9/23/2015 11:51
9/23/2015 11:50,9/23/2015 11:59
9/23/2015 11:50,9/23/2015 15:37
9/23/2015 11:51,9/23/2015 12:21
9/23/2015 11:52,9/23/2015 15:37
9/23/2015 11:56,9/23/2015 12:10
9/23/2015 11:58,9/23/2015 12:05
9/23/2015 12:00,9/23/2015 13:56
9/23/2015 12:01,9/23/2015 12:06
9/23/2015 12:03,9/23/2015 12:23
9/23/2015 12:08,9/23/2015 12:47
9/23/2015 12:10,9/23/2015 12:39
9/23/2015 12:12,9/23/2015 12:42
9/23/2015 12:12,9/23/2015 12:31
9/23/2015 12:14,9/23/2015 12:37
9/23/2015 12:15,9/23/2015 12:32
9/23/2015 12:24,9/23/2015 12:30
9/23/2015 12:26,9/23/2015 12:35
9/23/2015 12:28,9/23/2015 12:43
9/23/2015 12:29,9/23/2015 12:55
9/23/2015 12:32,9/23/2015 13:45
9/23/2015 12:32,9/23/2015 13:57
9/23/2015 12:33,9/23/2015 13:35
9/23/2015 12:35,9/23/2015 13:35
9/23/2015 12:40,9/23/2015 12:49
9/23/2015 12:49,9/23/2015 12:59
9/23/2015 12:51,9/23/2015 13:01
9/23/2015 12:58,9/23/2015 13:12
9/23/2015 13:01,9/23/2015 15:58
9/23/2015 13:01,9/23/2015 13:10
9/23/2015 13:02,9/23/2015 13:25
9/23/2015 13:02,9/23/2015 13:05
9/23/2015 13:04,9/23/2015 14:57
9/23/2015 13:06,9/23/2015 13:21
9/23/2015 13:08,9/23/2015 13:16
9/23/2015 13:11,9/23/2015 13:30
9/23/2015 13:16,9/23/2015 13:20
9/23/2015 13:16,9/23/2015 14:17
9/23/2015 13:17,9/23/2015 13:52
9/23/2015 13:18,9/23/2015 13:27
9/23/2015 13:19,9/23/2015 13:35
9/23/2015 13:21,9/23/2015 13:35
9/23/2015 13:22,9/23/2015 14:06
9/23/2015 13:31,9/23/2015 13:57
9/23/2015 13:31,9/23/2015 13:57
9/23/2015 13:33,9/23/2015 14:25
9/23/2015 13:37,9/23/2015 13:47
9/23/2015 13:37,9/23/2015 13:45
9/23/2015 13:39,9/23/2015 13:47
9/23/2015 13:43,9/23/2015 13:59
9/23/2015 13:46,9/23/2015 13:49
9/23/2015 13:52,9/23/2015 14:10
9/23/2015 13:54,9/23/2015 13:59
9/23/2015 14:02,9/23/2015 14:14
9/23/2015 14:02,9/24/2015 18:03
9/23/2015 14:03,9/23/2015 14:12
9/23/2015 14:06,9/23/2015 14:12
9/23/2015 14:08,9/23/2015 14:32
9/23/2015 14:08,9/23/2015 14:12
9/23/2015 14:12,9/23/2015 14:23
9/23/2015 14:16,9/23/2015 14:27
9/23/2015 14:17,9/23/2015 14:21
9/23/2015 14:28,9/23/2015 15:09
9/23/2015 14:47,9/23/2015 15:39
9/23/2015 14:58,9/23/2015 15:02
9/23/2015 14:59,9/23/2015 15:07
9/23/2015 14:59,9/23/2015 15:30
9/23/2015 15:01,9/23/2015 16:06
9/23/2015 15:03,9/23/2015 15:09
9/23/2015 15:04,9/23/2015 15:19
9/23/2015 15:08,9/23/2015 15:21
9/23/2015 15:09,9/23/2015 15:20
9/23/2015 15:18,9/23/2015 15:30
9/23/2015 15:20,9/23/2015 15:36
9/23/2015 15:27,9/23/2015 15:30
9/23/2015 15:34,9/23/2015 15:38
9/23/2015 15:39,9/23/2015 16:00
9/23/2015 15:42,9/23/2015 15:49
9/23/2015 15:43,9/23/2015 16:17
9/23/2015 15:47,9/23/2015 15:52
9/23/2015 15:48,9/23/2015 15:56
9/23/2015 15:49,9/23/2015 16:30
9/23/2015 15:49,9/23/2015 15:51
9/23/2015 15:54,9/23/2015 16:06
9/23/2015 15:57,9/23/2015 16:53
9/23/2015 15:58,9/23/2015 16:15
9/23/2015 15:58,9/23/2015 16:53
9/23/2015 16:01,9/23/2015 16:12
9/23/2015 16:06,9/23/2015 16:10
9/23/2015 16:12,9/23/2015 16:25
9/23/2015 16:12,9/23/2015 16:19
9/23/2015 16:21,9/23/2015 16:29
9/23/2015 16:21,9/23/2015 16:28
9/23/2015 16:21,9/23/2015 16:30
9/23/2015 16:22,9/23/2015 16:34
9/23/2015 16:22,9/23/2015 16:31
9/23/2015 16:24,9/23/2015 16:30
9/23/2015 16:26,9/23/2015 16:38
9/23/2015 16:37,9/23/2015 17:18
9/23/2015 16:37,9/23/2015 16:52
9/23/2015 16:38,9/23/2015 17:01
9/23/2015 16:38,9/23/2015 16:57
9/23/2015 16:47,9/23/2015 17:00
9/23/2015 16:50,9/23/2015 17:01
9/23/2015 16:51,9/23/2015 16:57
9/23/2015 16:52,9/23/2015 16:59
9/23/2015 16:54,9/23/2015 17:15
9/23/2015 16:55,9/23/2015 18:19
9/23/2015 16:56,9/23/2015 17:56
9/23/2015 16:56,9/23/2015 17:15
9/23/2015 16:57,9/23/2015 18:20
9/23/2015 16:59,9/23/2015 17:38
9/23/2015 17:00,9/23/2015 17:19
9/23/2015 17:02,9/24/2015 9:55
9/23/2015 17:03,9/23/2015 17:10
9/23/2015 17:03,9/23/2015 17:23
9/23/2015 17:05,9/23/2015 17:12
9/23/2015 17:06,9/23/2015 17:21
9/23/2015 17:07,9/23/2015 17:35
9/23/2015 17:07,9/23/2015 18:13
9/23/2015 17:08,9/23/2015 17:22
9/23/2015 17:08,9/23/2015 18:14
9/23/2015 17:09,9/23/2015 17:21
9/23/2015 17:09,9/23/2015 17:20
9/23/2015 17:13,9/23/2015 17:16
9/23/2015 17:14,9/23/2015 18:51
9/23/2015 17:16,9/23/2015 18:10
9/23/2015 17:17,9/23/2015 17:23
9/23/2015 17:19,9/23/2015 17:39
9/23/2015 17:19,9/23/2015 17:25
9/23/2015 17:20,9/23/2015 17:26
9/23/2015 17:21,9/23/2015 17:31
9/23/2015 17:23,9/23/2015 17:58
9/23/2015 17:23,9/23/2015 18:23
9/23/2015 17:27,9/23/2015 17:41
9/23/2015 17:28,9/23/2015 17:33
9/23/2015 17:31,9/23/2015 17:41
9/23/2015 17:32,9/23/2015 18:09
9/23/2015 17:34,9/23/2015 17:36
9/23/2015 17:34,9/23/2015 17:41
9/23/2015 17:37,9/23/2015 17:47
9/23/2015 17:37,9/23/2015 17:49
9/23/2015 17:37,9/23/2015 17:55
9/23/2015 17:38,9/23/2015 17:45
9/23/2015 17:38,9/23/2015 18:33
9/23/2015 17:41,9/23/2015 17:44
9/23/2015 17:46,9/23/2015 17:55
9/23/2015 17:47,9/23/2015 17:50
9/23/2015 17:48,9/23/2015 17:58
9/23/2015 17:49,9/23/2015 18:54
9/23/2015 17:52,9/23/2015 18:20
9/23/2015 17:53,9/23/2015 17:58
9/23/2015 17:53,9/23/2015 18:03
9/23/2015 17:54,9/23/2015 18:07
9/23/2015 17:55,9/23/2015 18:24
9/23/2015 17:56,9/23/2015 18:09
9/23/2015 17:56,9/23/2015 18:55
9/23/2015 17:56,9/23/2015 18:50
9/23/2015 17:59,9/23/2015 18:12
9/23/2015 18:00,9/23/2015 18:51
9/23/2015 18:02,9/23/2015 18:18
9/23/2015 18:02,9/23/2015 18:17
9/23/2015 18:04,9/23/2015 18:19
9/23/2015 18:05,9/23/2015 18:19
9/23/2015 18:07,9/23/2015 18:24
9/23/2015 18:08,9/23/2015 18:12
9/23/2015 18:09,9/23/2015 18:16
9/23/2015 18:13,9/23/2015 18:24
9/23/2015 18:13,9/23/2015 18:56
9/23/2015 18:14,9/23/2015 18:58
9/23/2015 18:14,9/23/2015 18:44
9/23/2015 18:14,9/23/2015 18:24
9/23/2015 18:14,9/23/2015 20:11
9/23/2015 18:17,9/23/2015 18:33
9/23/2015 18:19,9/23/2015 18:57
9/23/2015 18:21,9/23/2015 18:52
9/23/2015 18:22,9/23/2015 18:28
9/23/2015 18:25,9/23/2015 18:44
9/23/2015 18:27,9/23/2015 18:37
9/23/2015 18:28,9/23/2015 18:37
9/23/2015 18:28,9/23/2015 18:37
9/23/2015 18:28,9/23/2015 18:49
9/23/2015 18:28,9/23/2015 19:42
9/23/2015 18:28,9/23/2015 18:37
9/23/2015 18:30,9/23/2015 18:42
9/23/2015 18:37,9/23/2015 18:55
9/23/2015 18:40,9/23/2015 18:56
9/23/2015 18:40,9/23/2015 18:52
9/23/2015 18:40,9/23/2015 19:21
9/23/2015 18:41,9/23/2015 19:19
9/23/2015 18:41,9/23/2015 19:14
9/23/2015 18:42,9/23/2015 19:16
9/23/2015 18:44,9/23/2015 18:46
9/23/2015 18:45,9/23/2015 18:55
9/23/2015 18:45,9/23/2015 19:34
9/23/2015 18:45,9/23/2015 18:52
9/23/2015 18:45,9/23/2015 18:51
9/23/2015 18:51,9/23/2015 20:06
9/23/2015 18:52,9/23/2015 19:12
9/23/2015 18:53,9/23/2015 19:52
9/23/2015 18:54,9/23/2015 19:51
9/23/2015 18:58,9/23/2015 19:06
9/23/2015 18:59,9/23/2015 19:06
9/23/2015 19:02,9/23/2015 19:10
9/23/2015 19:07,9/23/2015 20:06
9/23/2015 19:08,9/23/2015 19:14
9/23/2015 19:08,9/23/2015 19:35
9/23/2015 19:19,9/23/2015 19:52
9/23/2015 19:19,9/24/2015 15:02
9/23/2015 19:21,9/23/2015 21:13
9/23/2015 19:21,9/23/2015 19:39
9/23/2015 19:27,9/23/2015 19:41
9/23/2015 19:30,9/23/2015 19:57
9/23/2015 19:33,9/23/2015 19:42
9/23/2015 19:37,9/23/2015 20:00
9/23/2015 19:37,9/23/2015 19:59
9/23/2015 19:37,9/23/2015 19:59
9/23/2015 19:42,9/23/2015 19:56
9/23/2015 19:46,9/23/2015 19:52
9/23/2015 19:47,9/23/2015 19:57
9/23/2015 19:47,9/23/2015 19:58
9/23/2015 19:52,9/23/2015 20:36
9/23/2015 19:53,9/23/2015 20:08
9/23/2015 19:53,9/23/2015 20:35
9/23/2015 19:53,9/23/2015 20:10
9/23/2015 19:53,9/23/2015 20:02
9/23/2015 19:56,9/23/2015 20:02
9/23/2015 19:57,9/23/2015 20:03
9/23/2015 19:57,9/23/2015 20:03
9/23/2015 20:02,9/23/2015 20:07
9/23/2015 20:03,9/23/2015 20:15
9/23/2015 20:10,9/23/2015 20:19
9/23/2015 20:15,9/23/2015 20:25
9/23/2015 20:15,9/23/2015 20:25
9/23/2015 20:19,9/23/2015 21:34
9/23/2015 20:21,9/23/2015 21:36
9/23/2015 20:23,9/23/2015 21:32
9/23/2015 20:27,9/23/2015 20:34
9/23/2015 20:28,9/23/2015 21:42
9/23/2015 21:02,9/23/2015 21:15
9/23/2015 21:09,9/23/2015 21:18
9/23/2015 21:13,9/23/2015 21:20
9/23/2015 21:14,9/23/2015 21:21
9/23/2015 21:16,9/23/2015 21:32
9/23/2015 21:16,9/23/2015 21:30
9/23/2015 21:23,9/23/2015 21:31
9/23/2015 21:26,9/24/2015 0:47
9/23/2015 21:35,9/23/2015 22:04
9/23/2015 21:40,9/23/2015 22:05
9/23/2015 21:44,9/23/2015 21:55
9/23/2015 22:00,9/23/2015 22:32
9/23/2015 22:01,9/23/2015 22:32
9/23/2015 22:02,9/23/2015 22:14
9/23/2015 22:05,9/23/2015 22:32
9/23/2015 22:10,9/24/2015 5:45
9/23/2015 22:11,9/24/2015 5:45
9/23/2015 22:16,9/23/2015 22:20
9/23/2015 22:17,9/23/2015 23:56
9/23/2015 22:17,9/23/2015 23:56
9/23/2015 22:17,9/23/2015 22:26
9/23/2015 22:26,9/23/2015 22:51
9/23/2015 22:42,9/23/2015 23:03
9/23/2015 22:59,9/23/2015 23:09
9/23/2015 23:00,9/23/2015 23:10
9/23/2015 23:00,9/23/2015 23:05
9/23/2015 23:13,9/23/2015 23:30
9/23/2015 23:14,9/23/2015 23:34
9/23/2015 23:14,9/24/2015 20:04
9/24/2015 0:01,9/24/2015 0:20
9/24/2015 0:08,9/24/2015 0:46
9/24/2015 0:09,9/24/2015 0:45
9/24/2015 0:27,9/24/2015 0:31
9/24/2015 0:41,9/24/2015 1:06
9/24/2015 1:52,9/24/2015 1:59
9/24/2015 5:34,9/24/2015 5:40
9/24/2015 5:44,9/24/2015 6:00
9/24/2015 5:50,9/24/2015 6:33
9/24/2015 6:00,9/24/2015 6:15
9/24/2015 6:42,9/24/2015 6:45
9/24/2015 6:45,9/24/2015 6:47
9/24/2015 6:52,9/24/2015 7:17
9/24/2015 7:15,9/24/2015 7:22
9/24/2015 7:17,9/24/2015 7:45
9/24/2015 7:19,9/24/2015 7:45
9/24/2015 7:26,9/24/2015 7:36
9/24/2015 7:40,9/24/2015 7:47
9/24/2015 7:40,9/24/2015 8:00
9/24/2015 7:46,9/24/2015 7:51
9/24/2015 7:47,9/24/2015 7:55
9/24/2015 7:49,9/24/2015 8:09
9/24/2015 7:49,9/24/2015 8:06
9/24/2015 7:52,9/24/2015 8:16
9/24/2015 7:56,9/24/2015 8:13
9/24/2015 7:57,9/24/2015 8:17
9/24/2015 8:01,9/24/2015 8:16
9/24/2015 8:02,9/24/2015 8:05
9/24/2015 8:02,9/24/2015 8:16
9/24/2015 8:03,9/24/2015 8:14
9/24/2015 8:12,9/24/2015 8:18
9/24/2015 8:15,9/24/2015 8:32
9/24/2015 8:18,9/24/2015 8:23
9/24/2015 8:20,9/24/2015 8:31
9/24/2015 8:23,9/24/2015 8:38
9/24/2015 8:23,9/24/2015 8:38
9/24/2015 8:26,9/24/2015 8:28
9/24/2015 8:28,9/24/2015 8:38
9/24/2015 8:29,9/24/2015 8:36
9/24/2015 8:33,9/24/2015 8:45
9/24/2015 8:35,9/24/2015 8:47
9/24/2015 8:35,9/24/2015 8:40
9/24/2015 8:40,9/24/2015 8:51
9/24/2015 8:42,9/24/2015 8:51
9/24/2015 8:43,9/24/2015 8:55
9/24/2015 8:44,9/24/2015 8:52
9/24/2015 8:48,9/24/2015 8:53
9/24/2015 9:00,9/24/2015 9:47
9/24/2015 9:00,9/24/2015 9:09
9/24/2015 9:10,9/24/2015 9:27
9/24/2015 9:10,9/24/2015 9:27
9/24/2015 9:14,9/24/2015 9:21
9/24/2015 9:20,9/24/2015 9:33
9/24/2015 9:23,9/24/2015 9:31
9/24/2015 9:25,9/24/2015 9:36
9/24/2015 9:25,9/24/2015 9:37
9/24/2015 9:27,9/24/2015 10:31
9/24/2015 9:29,9/24/2015 9:55
9/24/2015 9:33,9/24/2015 9:42
9/24/2015 9:33,9/24/2015 9:49
9/24/2015 9:36,9/24/2015 9:47
9/24/2015 9:37,9/24/2015 9:48
9/24/2015 9:41,9/24/2015 9:46
9/24/2015 9:54,9/24/2015 10:04
9/24/2015 9:55,9/24/2015 9:59
9/24/2015 9:57,9/24/2015 9:59
9/24/2015 10:04,9/24/2015 10:15
9/24/2015 10:05,9/24/2015 10:27
9/24/2015 10:06,9/24/2015 10:20
9/24/2015 10:08,9/24/2015 10:18
9/24/2015 10:08,9/24/2015 10:30
9/24/2015 10:10,9/24/2015 11:38
9/24/2015 10:11,9/24/2015 10:36
9/24/2015 10:20,9/24/2015 10:41
9/24/2015 10:23,9/24/2015 10:31
9/24/2015 10:25,9/24/2015 10:36
9/24/2015 10:28,9/24/2015 10:34
9/24/2015 10:51,9/26/2015 15:43
9/24/2015 10:54,9/24/2015 11:05
9/24/2015 11:00,9/24/2015 11:25
9/24/2015 11:05,9/24/2015 11:21
9/24/2015 11:14,9/24/2015 11:41
9/24/2015 11:17,9/24/2015 11:35
9/24/2015 11:17,9/24/2015 11:41
9/24/2015 11:21,9/24/2015 18:22
9/24/2015 11:21,9/24/2015 11:32
9/24/2015 11:32,9/24/2015 11:35
9/24/2015 11:33,9/24/2015 11:47
9/24/2015 11:46,9/24/2015 12:23
9/24/2015 11:46,9/24/2015 12:19
9/24/2015 11:46,9/24/2015 11:51
9/24/2015 11:47,9/24/2015 12:23
9/24/2015 11:50,9/24/2015 11:56
9/24/2015 11:53,9/24/2015 12:03
9/24/2015 11:55,9/24/2015 13:26
9/24/2015 11:56,9/24/2015 12:05
9/24/2015 11:59,9/24/2015 12:10
9/24/2015 12:02,9/24/2015 12:25
9/24/2015 12:06,9/24/2015 12:13
9/24/2015 12:07,9/24/2015 12:11
9/24/2015 12:08,9/24/2015 12:14
9/24/2015 12:10,9/24/2015 15:06
9/24/2015 12:12,9/24/2015 12:51
9/24/2015 12:12,9/24/2015 12:51
9/24/2015 12:13,9/24/2015 12:35
9/24/2015 12:17,9/24/2015 12:31
9/24/2015 12:18,9/24/2015 13:00
9/24/2015 12:18,9/24/2015 12:29
9/24/2015 12:20,9/24/2015 12:28
9/24/2015 12:21,9/24/2015 12:59
9/24/2015 12:22,9/24/2015 12:33
9/24/2015 12:23,9/24/2015 12:49
9/24/2015 12:23,9/24/2015 12:44
9/24/2015 12:31,9/24/2015 13:11
9/24/2015 12:31,9/24/2015 12:36
9/24/2015 12:32,9/24/2015 12:37
9/24/2015 12:32,9/24/2015 12:45
9/24/2015 12:45,9/24/2015 12:49
9/24/2015 12:47,9/24/2015 12:58
9/24/2015 12:49,9/24/2015 13:01
9/24/2015 12:52,9/24/2015 13:00
9/24/2015 12:57,9/24/2015 13:02
9/24/2015 12:57,9/24/2015 13:05
9/24/2015 12:58,9/24/2015 13:21
9/24/2015 13:00,9/24/2015 13:09
9/24/2015 13:03,9/24/2015 13:05
9/24/2015 13:04,9/24/2015 13:25
9/24/2015 13:04,9/24/2015 13:07
9/24/2015 13:06,9/24/2015 13:15
9/24/2015 13:19,9/24/2015 14:49
9/24/2015 13:19,9/24/2015 14:49
9/24/2015 13:30,9/24/2015 13:42
9/24/2015 13:33,9/24/2015 13:42
9/24/2015 13:39,9/24/2015 15:01
9/24/2015 13:42,9/24/2015 13:47
9/24/2015 13:45,9/24/2015 13:53
9/24/2015 13:47,9/24/2015 13:52
9/24/2015 13:49,9/24/2015 14:46
9/24/2015 13:50,9/24/2015 14:19
9/24/2015 13:52,9/24/2015 14:18
9/24/2015 14:00,9/25/2015 13:09
9/24/2015 14:04,9/24/2015 14:29
9/24/2015 14:07,9/24/2015 14:15
9/24/2015 14:07,9/24/2015 14:37
9/24/2015 14:09,9/24/2015 14:44
9/24/2015 14:10,9/24/2015 14:36
9/24/2015 14:11,9/24/2015 14:37
9/24/2015 14:15,9/24/2015 15:27
9/24/2015 14:16,9/24/2015 14:42
9/24/2015 14:20,9/24/2015 14:57
9/24/2015 14:22,9/24/2015 14:45
9/24/2015 14:25,9/24/2015 14:50
9/24/2015 14:26,9/24/2015 14:50
9/24/2015 14:27,9/24/2015 14:35
9/24/2015 14:30,9/24/2015 15:08
9/24/2015 14:31,9/24/2015 15:08
9/24/2015 14:33,9/24/2015 14:47
9/24/2015 14:34,9/24/2015 15:05
9/24/2015 14:37,9/24/2015 15:06
9/24/2015 14:43,9/24/2015 14:53
9/24/2015 14:43,9/24/2015 15:31
9/24/2015 14:47,9/24/2015 15:03
9/24/2015 14:51,9/24/2015 15:01
9/24/2015 14:53,9/24/2015 15:06
9/24/2015 14:54,9/24/2015 15:21
9/24/2015 14:55,9/24/2015 15:21
9/24/2015 14:57,9/24/2015 15:02
9/24/2015 15:05,9/24/2015 15:19
9/24/2015 15:13,9/24/2015 15:19
9/24/2015 15:16,9/24/2015 15:54
9/24/2015 15:17,9/24/2015 15:41
9/24/2015 15:26,9/24/2015 15:30
9/24/2015 15:32,9/24/2015 15:45
9/24/2015 15:36,9/24/2015 15:53
9/24/2015 15:38,9/24/2015 15:52
9/24/2015 15:39,9/24/2015 15:44
9/24/2015 15:39,9/24/2015 15:45
9/24/2015 15:40,9/24/2015 15:51
9/24/2015 15:43,9/24/2015 15:52
9/24/2015 15:50,9/24/2015 15:56
9/24/2015 15:55,9/24/2015 16:47
9/24/2015 16:06,9/24/2015 16:20
9/24/2015 16:10,9/24/2015 16:29
9/24/2015 16:17,9/24/2015 16:34
9/24/2015 16:17,9/24/2015 16:37
9/24/2015 16:18,9/24/2015 16:32
9/24/2015 16:20,9/24/2015 16:40
9/24/2015 16:21,9/24/2015 16:39
9/24/2015 16:23,9/24/2015 16:54
9/24/2015 16:23,9/24/2015 16:54
9/24/2015 16:37,9/24/2015 17:24
9/24/2015 16:37,9/24/2015 17:40
9/24/2015 16:38,9/24/2015 16:53
9/24/2015 16:40,9/24/2015 16:59
9/24/2015 16:41,9/24/2015 17:27
9/24/2015 16:41,9/24/2015 16:50
9/24/2015 16:46,9/24/2015 16:56
9/24/2015 16:46,9/24/2015 16:56
9/24/2015 16:54,9/24/2015 17:06
9/24/2015 16:54,9/24/2015 17:10
9/24/2015 16:54,9/24/2015 17:10
9/24/2015 16:55,9/24/2015 17:14
9/24/2015 16:56,9/24/2015 17:48
9/24/2015 16:56,9/24/2015 17:10
9/24/2015 17:03,9/24/2015 17:22
9/24/2015 17:05,9/24/2015 17:10
9/24/2015 17:06,9/24/2015 17:13
9/24/2015 17:07,9/24/2015 17:20
9/24/2015 17:07,9/24/2015 17:16
9/24/2015 17:07,9/24/2015 17:13
9/24/2015 17:07,9/24/2015 17:15
9/24/2015 17:07,9/24/2015 17:16
9/24/2015 17:09,9/24/2015 17:27
9/24/2015 17:09,9/24/2015 17:36
9/24/2015 17:15,9/24/2015 17:33
9/24/2015 17:17,9/24/2015 17:26
9/24/2015 17:23,9/24/2015 17:32
9/24/2015 17:23,9/24/2015 17:28
9/24/2015 17:28,9/24/2015 17:36
9/24/2015 17:28,9/24/2015 17:36
9/24/2015 17:31,9/24/2015 17:50
9/24/2015 17:36,9/24/2015 17:50
9/24/2015 17:39,9/24/2015 17:49
9/24/2015 17:39,9/24/2015 17:44
9/24/2015 17:41,9/24/2015 17:48
9/24/2015 17:43,9/24/2015 18:04
9/24/2015 17:44,9/24/2015 18:35
9/24/2015 17:46,9/24/2015 18:10
9/24/2015 17:48,9/24/2015 17:55
9/24/2015 17:49,9/24/2015 19:00
9/24/2015 17:50,9/24/2015 18:10
9/24/2015 17:50,9/24/2015 18:39
9/24/2015 17:53,9/24/2015 20:37
9/24/2015 17:55,9/24/2015 18:03
9/24/2015 17:56,9/24/2015 18:04
9/24/2015 17:57,9/24/2015 18:15
9/24/2015 17:59,9/24/2015 18:17
9/24/2015 17:59,9/24/2015 18:04
9/24/2015 18:01,9/24/2015 18:30
9/24/2015 18:01,9/24/2015 18:27
9/24/2015 18:02,9/24/2015 18:42
9/24/2015 18:02,9/24/2015 18:29
9/24/2015 18:03,9/24/2015 18:31
9/24/2015 18:04,9/24/2015 19:02
9/24/2015 18:05,9/24/2015 18:20
9/24/2015 18:06,9/24/2015 18:59
9/24/2015 18:06,9/24/2015 18:17
9/24/2015 18:07,9/24/2015 18:20
9/24/2015 18:09,9/24/2015 19:27
9/24/2015 18:09,9/24/2015 18:34
9/24/2015 18:10,9/24/2015 19:28
9/24/2015 18:11,9/24/2015 19:27
9/24/2015 18:11,9/24/2015 18:26
9/24/2015 18:11,9/24/2015 18:47
9/24/2015 18:12,9/24/2015 18:30
9/24/2015 18:14,9/24/2015 18:55
9/24/2015 18:15,9/24/2015 18:30
9/24/2015 18:15,9/24/2015 18:33
9/24/2015 18:17,9/24/2015 19:11
9/24/2015 18:17,9/24/2015 18:30
9/24/2015 18:17,9/24/2015 19:11
9/24/2015 18:21,9/24/2015 19:15
9/24/2015 18:21,9/24/2015 18:34
9/24/2015 18:21,9/24/2015 18:33
9/24/2015 18:21,9/24/2015 18:33
9/24/2015 18:21,9/24/2015 18:58
9/24/2015 18:23,9/24/2015 18:47
9/24/2015 18:23,9/24/2015 18:32
9/24/2015 18:24,9/24/2015 19:15
9/24/2015 18:24,9/24/2015 19:14
9/24/2015 18:29,9/24/2015 19:06
9/24/2015 18:31,9/24/2015 18:47
9/24/2015 18:33,9/24/2015 18:44
9/24/2015 18:35,9/24/2015 18:44
9/24/2015 18:38,9/24/2015 18:54
9/24/2015 18:42,9/24/2015 18:46
9/24/2015 18:42,9/24/2015 18:44
9/24/2015 18:43,9/24/2015 18:49
9/24/2015 18:46,9/24/2015 18:56
9/24/2015 18:47,9/24/2015 19:04
9/24/2015 18:47,9/24/2015 19:04
9/24/2015 18:51,9/24/2015 19:11
9/24/2015 18:52,9/24/2015 19:11
9/24/2015 18:53,9/24/2015 18:55
9/24/2015 18:53,9/24/2015 19:00
9/24/2015 18:53,9/24/2015 19:07
9/24/2015 18:54,9/24/2015 18:57
9/24/2015 18:55,9/24/2015 20:00
9/24/2015 18:57,9/24/2015 19:31
9/24/2015 19:05,9/24/2015 19:52
9/24/2015 19:06,9/24/2015 19:36
9/24/2015 19:06,9/24/2015 19:14
9/24/2015 19:06,9/24/2015 19:14
9/24/2015 19:06,9/24/2015 19:22
9/24/2015 19:07,9/24/2015 19:12
9/24/2015 19:08,9/24/2015 19:33
9/24/2015 19:08,9/24/2015 19:25
9/24/2015 19:09,9/25/2015 2:14
9/24/2015 19:09,9/24/2015 19:28
9/24/2015 19:11,9/24/2015 19:28
9/24/2015 19:19,9/24/2015 19:36
9/24/2015 19:26,9/24/2015 19:33
9/24/2015 19:27,9/24/2015 19:33
9/24/2015 19:32,9/24/2015 19:44
9/24/2015 19:34,9/24/2015 20:03
9/24/2015 19:41,9/24/2015 19:52
9/24/2015 19:42,9/24/2015 19:50
9/24/2015 19:44,9/24/2015 20:22
9/24/2015 19:47,9/24/2015 19:49
9/24/2015 19:49,9/24/2015 20:08
9/24/2015 19:52,9/24/2015 20:23
9/24/2015 19:54,9/24/2015 20:22
9/24/2015 19:54,9/24/2015 20:05
9/24/2015 20:01,9/24/2015 20:33
9/24/2015 20:02,9/24/2015 20:33
9/24/2015 20:05,9/24/2015 22:41
9/24/2015 20:08,9/24/2015 22:40
9/24/2015 20:08,9/24/2015 20:31
9/24/2015 20:13,9/24/2015 21:26
9/24/2015 20:13,9/24/2015 20:19
9/24/2015 20:15,9/24/2015 21:26
9/24/2015 20:20,9/24/2015 20:26
9/24/2015 20:20,9/24/2015 23:46
9/24/2015 20:23,9/24/2015 20:33
9/24/2015 20:23,9/24/2015 20:30
9/24/2015 20:24,9/24/2015 20:26
9/24/2015 20:31,9/24/2015 20:52
9/24/2015 20:31,9/24/2015 20:33
9/24/2015 20:32,9/24/2015 20:48
9/24/2015 20:32,9/24/2015 20:56
9/24/2015 20:33,9/24/2015 20:35
9/24/2015 20:40,9/24/2015 21:13
9/24/2015 20:41,9/24/2015 20:50
9/24/2015 20:42,9/24/2015 20:47
9/24/2015 20:43,9/24/2015 21:03
9/24/2015 20:56,9/24/2015 21:32
9/24/2015 20:57,9/24/2015 21:32
9/24/2015 20:58,9/24/2015 23:12
9/24/2015 21:00,9/24/2015 23:31
9/24/2015 21:03,9/24/2015 21:09
9/24/2015 21:25,9/25/2015 9:28
9/24/2015 21:27,9/24/2015 21:35
9/24/2015 21:49,9/24/2015 22:25
9/24/2015 21:51,9/24/2015 22:15
9/24/2015 22:04,9/24/2015 22:12
9/24/2015 22:16,9/24/2015 22:22
9/24/2015 22:25,9/24/2015 23:21
9/24/2015 22:26,9/24/2015 23:22
9/24/2015 22:26,9/24/2015 23:25
9/24/2015 22:27,9/24/2015 23:22
9/24/2015 22:27,9/24/2015 23:25
9/24/2015 22:27,9/24/2015 22:37
9/24/2015 22:29,9/24/2015 23:25
9/24/2015 22:38,9/24/2015 23:23
9/24/2015 22:55,9/24/2015 23:08
9/24/2015 22:59,9/24/2015 23:10
9/24/2015 22:59,9/24/2015 23:06
9/24/2015 23:10,9/24/2015 23:31
9/24/2015 23:59,9/25/2015 0:04
9/25/2015 0:00,9/25/2015 0:03
9/25/2015 0:00,9/25/2015 0:04
9/25/2015 0:24,9/25/2015 0:37
9/25/2015 0:25,9/25/2015 0:36
9/25/2015 0:48,9/25/2015 1:15
9/25/2015 0:54,9/25/2015 1:13
9/25/2015 0:55,9/25/2015 1:36
9/25/2015 0:55,9/25/2015 1:36
9/25/2015 0:57,9/25/2015 1:37
9/25/2015 0:57,9/25/2015 1:12
9/25/2015 2:59,9/25/2015 3:04
9/25/2015 5:34,9/25/2015 5:49
9/25/2015 5:46,9/25/2015 6:05
9/25/2015 6:39,9/25/2015 6:51
9/25/2015 6:49,9/25/2015 6:58
9/25/2015 7:00,9/25/2015 7:13
9/25/2015 7:22,9/25/2015 7:31
9/25/2015 7:43,9/25/2015 8:02
9/25/2015 7:45,9/25/2015 7:52
9/25/2015 7:47,9/25/2015 7:52
9/25/2015 7:48,9/25/2015 8:00
9/25/2015 7:49,9/25/2015 8:11
9/25/2015 7:50,9/25/2015 7:58
9/25/2015 7:51,9/25/2015 8:20
9/25/2015 7:58,9/25/2015 8:15
9/25/2015 8:00,9/25/2015 8:05
9/25/2015 8:04,9/25/2015 8:09
9/25/2015 8:06,9/25/2015 8:18
9/25/2015 8:09,9/25/2015 9:04
9/25/2015 8:09,9/25/2015 9:04
9/25/2015 8:09,9/25/2015 8:26
9/25/2015 8:10,9/25/2015 8:21
9/25/2015 8:10,9/25/2015 8:18
9/25/2015 8:11,9/25/2015 8:20
9/25/2015 8:13,9/25/2015 9:26
9/25/2015 8:14,9/25/2015 9:26
9/25/2015 8:19,9/25/2015 8:38
9/25/2015 8:19,9/25/2015 8:25
9/25/2015 8:20,9/25/2015 8:33
9/25/2015 8:21,9/25/2015 8:36
9/25/2015 8:21,9/25/2015 8:25
9/25/2015 8:26,9/25/2015 8:35
9/25/2015 8:27,9/25/2015 8:42
9/25/2015 8:28,9/25/2015 8:41
9/25/2015 8:28,9/25/2015 8:48
9/25/2015 8:29,9/25/2015 8:57
9/25/2015 8:29,9/25/2015 8:51
9/25/2015 8:33,9/25/2015 8:38
9/25/2015 8:34,9/25/2015 8:39
9/25/2015 8:34,9/25/2015 8:39
9/25/2015 8:37,9/25/2015 13:04
9/25/2015 8:38,9/25/2015 8:47
9/25/2015 8:39,9/25/2015 8:48
9/25/2015 8:41,9/25/2015 8:58
9/25/2015 8:43,9/25/2015 8:53
9/25/2015 8:50,9/25/2015 9:00
9/25/2015 8:50,9/25/2015 9:06
9/25/2015 9:04,9/25/2015 9:11
9/25/2015 9:06,9/25/2015 9:30
9/25/2015 9:10,9/25/2015 9:32
9/25/2015 9:15,9/25/2015 10:42
9/25/2015 9:16,9/25/2015 10:37
9/25/2015 9:16,9/25/2015 9:25
9/25/2015 9:27,9/25/2015 9:41
9/25/2015 9:27,9/25/2015 9:41
9/25/2015 9:39,9/25/2015 9:50
9/25/2015 9:41,9/25/2015 9:51
9/25/2015 9:44,9/25/2015 9:59
9/25/2015 9:47,9/25/2015 10:04
9/25/2015 9:52,9/25/2015 10:02
9/25/2015 10:10,9/25/2015 11:20
9/25/2015 10:10,9/25/2015 10:37
9/25/2015 10:15,9/25/2015 10:28
9/25/2015 10:16,9/25/2015 10:31
9/25/2015 10:23,9/25/2015 15:12
9/25/2015 10:34,9/25/2015 10:40
9/25/2015 10:43,9/25/2015 10:59
9/25/2015 10:44,9/25/2015 13:22
9/25/2015 10:44,9/25/2015 13:22
9/25/2015 10:51,9/25/2015 11:05
9/25/2015 10:58,9/25/2015 11:08
9/25/2015 11:04,9/25/2015 11:35
9/25/2015 11:05,9/25/2015 11:51
9/25/2015 11:06,9/25/2015 11:47
9/25/2015 11:07,9/25/2015 11:48
9/25/2015 11:07,9/25/2015 11:15
9/25/2015 11:16,9/25/2015 11:49
9/25/2015 11:16,9/25/2015 11:49
9/25/2015 11:20,9/25/2015 11:37
9/25/2015 11:20,9/25/2015 11:37
9/25/2015 11:22,9/25/2015 11:37
9/25/2015 11:25,9/25/2015 11:52
9/25/2015 11:33,9/25/2015 12:00
9/25/2015 11:33,9/25/2015 12:00
9/25/2015 11:36,9/25/2015 11:42
9/25/2015 11:36,9/25/2015 11:42
9/25/2015 11:40,9/25/2015 11:53
9/25/2015 11:43,9/25/2015 13:00
9/25/2015 11:43,9/25/2015 11:48
9/25/2015 11:44,9/25/2015 13:01
9/25/2015 11:48,9/25/2015 12:05
9/25/2015 11:50,9/25/2015 11:52
9/25/2015 11:52,9/25/2015 11:57
9/25/2015 11:55,9/25/2015 12:00
9/25/2015 11:56,9/25/2015 12:02
9/25/2015 11:58,9/25/2015 12:18
9/25/2015 12:02,9/25/2015 13:44
9/25/2015 12:04,9/25/2015 12:13
9/25/2015 12:06,9/25/2015 12:08
9/25/2015 12:06,9/25/2015 12:37
9/25/2015 12:10,9/25/2015 12:21
9/25/2015 12:20,9/25/2015 12:28
9/25/2015 12:22,9/25/2015 12:36
9/25/2015 12:22,9/25/2015 12:43
9/25/2015 12:23,9/25/2015 12:28
9/25/2015 12:31,9/25/2015 17:26
9/25/2015 12:34,9/25/2015 12:47
9/25/2015 12:34,9/25/2015 12:57
9/25/2015 12:38,9/25/2015 12:42
9/25/2015 12:39,9/25/2015 13:00
9/25/2015 12:44,9/25/2015 13:00
9/25/2015 12:52,9/25/2015 12:57
9/25/2015 12:52,9/25/2015 12:57
9/25/2015 12:52,9/25/2015 13:15
9/25/2015 12:53,9/25/2015 12:58
9/25/2015 13:01,9/25/2015 13:06
9/25/2015 13:03,9/25/2015 13:20
9/25/2015 13:05,9/25/2015 13:34
9/25/2015 13:06,9/25/2015 13:34
9/25/2015 13:08,9/25/2015 15:17
9/25/2015 13:14,9/25/2015 13:30
9/25/2015 13:18,9/25/2015 14:51
9/25/2015 13:19,9/25/2015 14:50
9/25/2015 13:24,9/25/2015 13:35
9/25/2015 13:28,9/25/2015 14:30
9/25/2015 13:30,9/25/2015 14:49
9/25/2015 13:30,9/25/2015 14:49
9/25/2015 13:31,9/25/2015 15:47
9/25/2015 13:32,9/25/2015 13:42
9/25/2015 13:32,9/25/2015 15:47
9/25/2015 13:33,9/25/2015 14:55
9/25/2015 13:34,9/25/2015 14:54
9/25/2015 13:34,9/25/2015 13:43
9/25/2015 13:35,9/25/2015 13:46
9/25/2015 13:36,9/25/2015 15:45
9/25/2015 13:39,9/25/2015 13:43
9/25/2015 13:40,9/25/2015 13:53
9/25/2015 13:43,9/25/2015 13:54
9/25/2015 13:45,9/25/2015 14:05
9/25/2015 13:45,9/25/2015 13:51
9/25/2015 13:46,9/25/2015 14:54
9/25/2015 13:47,10/7/2015 13:47
9/25/2015 13:55,9/25/2015 15:17
9/25/2015 13:55,9/25/2015 15:16
9/25/2015 13:58,9/25/2015 14:06
9/25/2015 13:59,9/25/2015 15:01
9/25/2015 14:00,9/25/2015 14:06
9/25/2015 14:01,9/25/2015 14:04
9/25/2015 14:03,9/25/2015 15:29
9/25/2015 14:07,9/25/2015 14:11
9/25/2015 14:08,9/25/2015 15:00
9/25/2015 14:08,9/25/2015 14:42
9/25/2015 14:10,9/25/2015 15:29
9/25/2015 14:14,9/25/2015 14:38
9/25/2015 14:15,9/25/2015 14:41
9/25/2015 14:16,9/25/2015 15:02
9/25/2015 14:18,9/25/2015 14:21
9/25/2015 14:22,9/25/2015 14:30
9/25/2015 14:22,9/25/2015 14:37
9/25/2015 14:23,9/25/2015 15:41
9/25/2015 14:29,9/25/2015 15:00
9/25/2015 14:30,9/25/2015 14:48
9/25/2015 14:32,9/25/2015 14:36
9/25/2015 14:32,9/25/2015 14:37
9/25/2015 14:32,9/25/2015 14:45
9/25/2015 14:35,9/25/2015 14:51
9/25/2015 14:36,9/25/2015 14:53
9/25/2015 14:36,9/25/2015 17:10
9/25/2015 14:39,9/25/2015 17:11
9/25/2015 14:40,9/25/2015 14:46
9/25/2015 14:40,9/25/2015 14:52
9/25/2015 14:42,9/25/2015 15:13
9/25/2015 14:43,9/25/2015 15:13
9/25/2015 14:48,9/25/2015 15:23
9/25/2015 14:50,9/25/2015 14:56
9/25/2015 14:51,9/25/2015 15:36
9/25/2015 14:52,9/25/2015 15:25
9/25/2015 14:53,9/25/2015 15:31
9/25/2015 14:55,9/25/2015 15:30
9/25/2015 14:55,9/25/2015 15:30
9/25/2015 14:55,9/25/2015 16:31
9/25/2015 14:57,9/25/2015 15:26
9/25/2015 14:58,9/25/2015 15:03
9/25/2015 15:04,9/25/2015 15:18
9/25/2015 15:08,9/25/2015 15:20
9/25/2015 15:11,9/25/2015 15:19
9/25/2015 15:14,9/25/2015 15:18
9/25/2015 15:14,9/25/2015 15:32
9/25/2015 15:15,9/25/2015 15:19
9/25/2015 15:19,9/25/2015 15:30
9/25/2015 15:19,9/25/2015 15:25
9/25/2015 15:27,9/25/2015 15:49
9/25/2015 15:32,9/25/2015 15:47
9/25/2015 15:35,9/25/2015 15:52
9/25/2015 15:37,9/25/2015 15:45
9/25/2015 15:44,9/25/2015 16:47
9/25/2015 15:46,9/25/2015 16:02
9/25/2015 15:46,9/25/2015 15:56
9/25/2015 15:49,9/25/2015 16:02
9/25/2015 15:49,9/25/2015 15:57
9/25/2015 15:50,9/25/2015 15:55
9/25/2015 15:51,9/25/2015 16:28
9/25/2015 15:51,9/25/2015 16:31
9/25/2015 15:51,9/25/2015 16:50
9/25/2015 15:51,9/25/2015 16:30
9/25/2015 15:53,9/25/2015 16:08
9/25/2015 15:55,9/25/2015 16:11
9/25/2015 15:55,9/25/2015 16:25
9/25/2015 16:02,9/25/2015 17:45
9/25/2015 16:03,9/25/2015 16:18
9/25/2015 16:05,9/25/2015 16:25
9/25/2015 16:05,9/25/2015 17:45
9/25/2015 16:07,9/25/2015 16:38
9/25/2015 16:08,9/25/2015 16:21
9/25/2015 16:10,9/25/2015 16:37
9/25/2015 16:13,9/25/2015 16:39
9/25/2015 16:13,9/25/2015 17:49
9/25/2015 16:13,9/25/2015 16:29
9/25/2015 16:14,9/25/2015 16:41
9/25/2015 16:14,9/25/2015 16:23
9/25/2015 16:15,9/25/2015 16:33
9/25/2015 16:15,9/25/2015 17:45
9/25/2015 16:17,9/25/2015 16:31
9/25/2015 16:23,9/25/2015 16:36
9/25/2015 16:24,9/25/2015 16:45
9/25/2015 16:25,9/25/2015 16:41
9/25/2015 16:25,9/25/2015 16:36
9/25/2015 16:27,9/25/2015 16:31
9/25/2015 16:28,9/25/2015 16:33
9/25/2015 16:29,9/25/2015 17:46
9/25/2015 16:32,9/25/2015 16:39
9/25/2015 16:34,9/25/2015 18:04
9/25/2015 16:38,9/25/2015 16:43
9/25/2015 16:39,9/25/2015 16:51
9/25/2015 16:42,9/25/2015 17:03
9/25/2015 16:42,9/25/2015 16:52
9/25/2015 16:44,9/25/2015 16:54
9/25/2015 16:49,9/25/2015 17:00
9/25/2015 16:49,9/25/2015 16:55
9/25/2015 16:49,9/25/2015 16:57
9/25/2015 16:49,9/25/2015 17:03
9/25/2015 16:50,9/25/2015 16:55
9/25/2015 16:50,9/25/2015 16:57
9/25/2015 16:51,9/25/2015 17:02
9/25/2015 16:52,9/25/2015 17:33
9/25/2015 16:53,9/25/2015 18:04
9/25/2015 16:56,9/25/2015 17:32
9/25/2015 16:57,9/25/2015 17:16
9/25/2015 16:57,9/25/2015 17:16
9/25/2015 16:59,9/25/2015 17:16
9/25/2015 17:01,9/25/2015 17:22
9/25/2015 17:01,9/25/2015 17:17
9/25/2015 17:03,9/25/2015 17:19
9/25/2015 17:04,9/25/2015 17:22
9/25/2015 17:05,9/25/2015 17:21
9/25/2015 17:06,9/25/2015 17:21
9/25/2015 17:12,9/25/2015 18:39
9/25/2015 17:16,9/25/2015 17:35
9/25/2015 17:17,9/25/2015 17:39
9/25/2015 17:17,9/25/2015 17:25
9/25/2015 17:19,9/25/2015 17:36
9/25/2015 17:22,9/25/2015 18:28
9/25/2015 17:26,9/25/2015 17:35
9/25/2015 17:27,9/25/2015 17:37
9/25/2015 17:29,9/25/2015 18:32
9/25/2015 17:29,9/25/2015 18:07
9/25/2015 17:29,9/25/2015 17:32
9/25/2015 17:32,9/25/2015 17:55
9/25/2015 17:34,9/25/2015 17:42
9/25/2015 17:36,9/25/2015 17:46
9/25/2015 17:39,9/25/2015 17:50
9/25/2015 17:40,9/25/2015 19:17
9/25/2015 17:41,9/25/2015 17:50
9/25/2015 17:41,9/25/2015 18:26
9/25/2015 17:41,9/25/2015 17:55
9/25/2015 17:43,9/25/2015 17:48
9/25/2015 17:43,9/25/2015 17:54
9/25/2015 17:43,9/25/2015 18:24
9/25/2015 17:46,9/25/2015 18:00
9/25/2015 17:49,9/25/2015 18:03
9/25/2015 17:49,9/25/2015 17:52
9/25/2015 17:49,9/25/2015 19:17
9/25/2015 17:52,9/25/2015 18:21
9/25/2015 17:52,9/25/2015 18:27
9/25/2015 17:53,9/25/2015 18:24
9/25/2015 17:56,9/25/2015 18:24
9/25/2015 17:56,9/25/2015 18:25
9/25/2015 17:59,9/25/2015 18:51
9/25/2015 18:03,9/25/2015 18:58
9/25/2015 18:03,9/25/2015 18:08
9/25/2015 18:06,9/25/2015 18:22
9/25/2015 18:06,9/25/2015 18:08
9/25/2015 18:06,9/25/2015 18:08
9/25/2015 18:09,9/25/2015 18:32
9/25/2015 18:09,9/25/2015 18:32
9/25/2015 18:09,9/25/2015 18:32
9/25/2015 18:09,9/25/2015 18:19
9/25/2015 18:10,9/25/2015 18:57
9/25/2015 18:14,9/25/2015 18:28
9/25/2015 18:14,9/25/2015 18:21
9/25/2015 18:15,9/25/2015 18:41
9/25/2015 18:17,9/25/2015 18:24
9/25/2015 18:17,9/25/2015 18:24
9/25/2015 18:18,9/25/2015 18:23
9/25/2015 18:20,9/25/2015 18:30
9/25/2015 18:20,9/25/2015 20:00
9/25/2015 18:23,9/25/2015 20:52
9/25/2015 18:23,9/25/2015 19:05
9/25/2015 18:23,9/25/2015 19:03
9/25/2015 18:24,9/25/2015 20:01
9/25/2015 18:31,9/25/2015 18:41
9/25/2015 18:31,9/25/2015 18:36
9/25/2015 18:33,9/25/2015 19:32
9/25/2015 18:33,9/25/2015 18:48
9/25/2015 18:36,9/25/2015 18:42
9/25/2015 18:36,9/25/2015 18:42
9/25/2015 18:36,9/25/2015 18:43
9/25/2015 18:37,9/25/2015 19:00
9/25/2015 18:38,9/25/2015 19:10
9/25/2015 18:38,9/25/2015 18:45
9/25/2015 18:38,9/26/2015 9:39
9/25/2015 18:39,9/26/2015 9:38
9/25/2015 18:39,9/26/2015 9:39
9/25/2015 18:40,9/26/2015 9:39
9/25/2015 18:41,9/25/2015 19:10
9/25/2015 18:41,9/25/2015 18:58
9/25/2015 18:42,9/25/2015 19:17
9/25/2015 18:42,9/25/2015 19:00
9/25/2015 18:42,9/25/2015 19:01
9/25/2015 18:43,9/25/2015 19:07
9/25/2015 18:46,9/25/2015 20:00
9/25/2015 18:46,9/25/2015 19:02
9/25/2015 18:47,9/25/2015 19:08
9/25/2015 18:48,9/25/2015 18:54
9/25/2015 18:52,9/25/2015 19:32
9/25/2015 18:52,9/25/2015 19:16
9/25/2015 18:52,9/25/2015 19:17
9/25/2015 18:52,9/25/2015 19:17
9/25/2015 18:52,9/25/2015 19:32
9/25/2015 18:52,9/25/2015 19:40
9/25/2015 18:54,9/25/2015 19:42
9/25/2015 18:55,9/25/2015 19:21
9/25/2015 19:04,9/25/2015 19:28
9/25/2015 19:06,9/25/2015 19:19
9/25/2015 19:07,9/25/2015 19:17
9/25/2015 19:11,9/25/2015 19:22
9/25/2015 19:17,9/25/2015 19:44
9/25/2015 19:19,9/25/2015 19:33
9/25/2015 19:19,9/25/2015 19:29
9/25/2015 19:20,9/25/2015 19:28
9/25/2015 19:20,9/25/2015 19:27
9/25/2015 19:21,9/25/2015 19:31
9/25/2015 19:21,9/25/2015 19:28
9/25/2015 19:23,9/25/2015 19:31
9/25/2015 19:26,9/25/2015 19:44
9/25/2015 19:28,9/25/2015 23:30
9/25/2015 19:29,9/25/2015 19:45
9/25/2015 19:35,9/25/2015 20:07
9/25/2015 19:36,9/25/2015 19:48
9/25/2015 19:36,9/25/2015 19:48
9/25/2015 19:37,9/25/2015 19:41
9/25/2015 19:37,9/25/2015 20:07
9/25/2015 19:41,9/25/2015 19:53
9/25/2015 19:49,9/25/2015 19:59
9/25/2015 19:49,9/25/2015 20:38
9/25/2015 19:50,9/25/2015 20:15
9/25/2015 19:51,9/25/2015 20:15
9/25/2015 19:55,9/25/2015 20:06
9/25/2015 19:57,9/25/2015 20:11
9/25/2015 19:57,9/25/2015 20:11
9/25/2015 20:03,9/25/2015 20:19
9/25/2015 20:14,9/25/2015 20:21
9/25/2015 20:14,9/25/2015 20:21
9/25/2015 20:15,9/25/2015 20:22
9/25/2015 20:20,9/25/2015 20:22
9/25/2015 20:23,9/25/2015 20:42
9/25/2015 20:24,9/25/2015 20:37
9/25/2015 20:24,9/25/2015 20:44
9/25/2015 20:32,9/25/2015 20:42
9/25/2015 20:37,9/25/2015 21:33
9/25/2015 20:38,9/25/2015 20:45
9/25/2015 20:42,9/25/2015 21:34
9/25/2015 20:42,9/25/2015 20:49
9/25/2015 20:43,9/25/2015 20:52
9/25/2015 20:48,9/25/2015 21:34
9/25/2015 20:51,9/25/2015 21:04
9/25/2015 20:54,9/25/2015 21:03
9/25/2015 20:56,9/25/2015 21:05
9/25/2015 20:56,9/25/2015 21:03
9/25/2015 21:03,9/25/2015 21:34
9/25/2015 21:03,9/25/2015 21:35
9/25/2015 21:05,9/25/2015 21:13
9/25/2015 21:05,9/25/2015 23:05
9/25/2015 21:06,9/25/2015 23:05
9/25/2015 21:06,9/25/2015 23:05
9/25/2015 21:06,9/25/2015 23:06
9/25/2015 21:06,9/25/2015 21:18
9/25/2015 21:29,9/25/2015 21:40
9/25/2015 21:31,9/25/2015 21:48
9/25/2015 21:35,9/25/2015 22:00
9/25/2015 21:41,9/26/2015 20:33
9/25/2015 21:41,9/25/2015 21:53
9/25/2015 21:44,9/25/2015 21:51
9/25/2015 21:45,9/25/2015 22:33
9/25/2015 21:53,9/25/2015 22:00
9/25/2015 21:59,9/25/2015 23:15
9/25/2015 22:00,9/25/2015 23:13
9/25/2015 22:00,9/25/2015 23:16
9/25/2015 22:08,9/25/2015 22:13
9/25/2015 22:08,9/25/2015 22:16
9/25/2015 22:11,9/25/2015 22:25
9/25/2015 22:13,9/25/2015 22:19
9/25/2015 22:33,9/25/2015 22:59
9/25/2015 22:34,9/25/2015 22:45
9/25/2015 22:50,9/25/2015 23:02
9/25/2015 22:54,9/25/2015 23:08
9/25/2015 22:57,9/25/2015 23:16
9/25/2015 23:05,9/25/2015 23:12
9/25/2015 23:10,9/25/2015 23:16
9/25/2015 23:12,9/25/2015 23:25
9/25/2015 23:13,9/25/2015 23:25